borhf;bohf;bohf2;bohf2_navn;KomNr;komnr_navn;bydel;bydel_navn;innb
Helse Midt-Norge RHF;Møre og Romsdal;1;Møre og Romsdal;1505;Kristiansund;.;.;24099
Helse Midt-Norge RHF;Møre og Romsdal;1;Møre og Romsdal;1506;Molde;.;.;31870
Helse Midt-Norge RHF;Møre og Romsdal;1;Møre og Romsdal;1539;Rauma;.;.;7026
Helse Midt-Norge RHF;Møre og Romsdal;1;Møre og Romsdal;1547;Aukra;.;.;3522
Helse Midt-Norge RHF;Møre og Romsdal;1;Møre og Romsdal;1554;Averøy;.;.;5808
Helse Midt-Norge RHF;Møre og Romsdal;1;Møre og Romsdal;1557;Gjemnes;.;.;2658
Helse Midt-Norge RHF;Møre og Romsdal;1;Møre og Romsdal;1560;Tingvoll;.;.;2985
Helse Midt-Norge RHF;Møre og Romsdal;1;Møre og Romsdal;1563;Sunndal;.;.;6956
Helse Midt-Norge RHF;Møre og Romsdal;1;Møre og Romsdal;1566;Surnadal;.;.;5872
Helse Midt-Norge RHF;Møre og Romsdal;1;Møre og Romsdal;1573;Smøla;.;.;2128
Helse Midt-Norge RHF;Møre og Romsdal;1;Møre og Romsdal;1576;Aure;.;.;3468
Helse Midt-Norge RHF;Møre og Romsdal;1;Møre og Romsdal;1579;Hustadvika;.;.;13317
Helse Midt-Norge RHF;Møre og Romsdal;1;Møre og Romsdal;1507;Ålesund;.;.;66670
Helse Midt-Norge RHF;Møre og Romsdal;1;Møre og Romsdal;1511;Vanylven;.;.;3083
Helse Midt-Norge RHF;Møre og Romsdal;1;Møre og Romsdal;1514;Sande (Møre og Romsdal);.;.;2445
Helse Midt-Norge RHF;Møre og Romsdal;1;Møre og Romsdal;1515;Herøy (Møre og Romsdal);.;.;8858
Helse Midt-Norge RHF;Møre og Romsdal;1;Møre og Romsdal;1516;Ulstein;.;.;8575
Helse Midt-Norge RHF;Møre og Romsdal;1;Møre og Romsdal;1517;Hareid;.;.;5140
Helse Midt-Norge RHF;Møre og Romsdal;1;Møre og Romsdal;1520;Ørsta;.;.;10830
Helse Midt-Norge RHF;Møre og Romsdal;1;Møre og Romsdal;1525;Stranda;.;.;4482
Helse Midt-Norge RHF;Møre og Romsdal;1;Møre og Romsdal;1528;Sykkylven;.;.;7596
Helse Midt-Norge RHF;Møre og Romsdal;1;Møre og Romsdal;1531;Sula;.;.;9409
Helse Midt-Norge RHF;Møre og Romsdal;1;Møre og Romsdal;1532;Giske;.;.;8506
Helse Midt-Norge RHF;Møre og Romsdal;1;Møre og Romsdal;1535;Vestnes;.;.;6958
Helse Midt-Norge RHF;Møre og Romsdal;1;Møre og Romsdal;1577;Volda;.;.;10781
Helse Midt-Norge RHF;Møre og Romsdal;1;Møre og Romsdal;1578;Fjord;.;.;2502
Helse Midt-Norge RHF;Nord-Trøndelag;2;NT og St. Olav;5006;Steinkjer;.;.;24152
Helse Midt-Norge RHF;Nord-Trøndelag;2;NT og St. Olav;5007;Namsos;.;.;15096
Helse Midt-Norge RHF;Nord-Trøndelag;2;NT og St. Olav;5020;Osen;.;.;925
Helse Midt-Norge RHF;Nord-Trøndelag;2;NT og St. Olav;5034;Meråker;.;.;2413
Helse Midt-Norge RHF;Nord-Trøndelag;2;NT og St. Olav;5035;Stjørdal;.;.;24283
Helse Midt-Norge RHF;Nord-Trøndelag;2;NT og St. Olav;5036;Frosta;.;.;2609
Helse Midt-Norge RHF;Nord-Trøndelag;2;NT og St. Olav;5037;Levanger;.;.;20170
Helse Midt-Norge RHF;Nord-Trøndelag;2;NT og St. Olav;5038;Verdal;.;.;14986
Helse Midt-Norge RHF;Nord-Trøndelag;2;NT og St. Olav;5041;Snåsa;.;.;2054
Helse Midt-Norge RHF;Nord-Trøndelag;2;NT og St. Olav;5042;Lierne;.;.;1328
Helse Midt-Norge RHF;Nord-Trøndelag;2;NT og St. Olav;5043;Røyrvik;.;.;459
Helse Midt-Norge RHF;Nord-Trøndelag;2;NT og St. Olav;5044;Namsskogan;.;.;846
Helse Midt-Norge RHF;Nord-Trøndelag;2;NT og St. Olav;5045;Grong;.;.;2347
Helse Midt-Norge RHF;Nord-Trøndelag;2;NT og St. Olav;5046;Høylandet;.;.;1215
Helse Midt-Norge RHF;Nord-Trøndelag;2;NT og St. Olav;5047;Overhalla;.;.;3865
Helse Midt-Norge RHF;Nord-Trøndelag;2;NT og St. Olav;5049;Flatanger;.;.;1100
Helse Midt-Norge RHF;Nord-Trøndelag;2;NT og St. Olav;5052;Leka;.;.;563
Helse Midt-Norge RHF;Nord-Trøndelag;2;NT og St. Olav;5053;Inderøy;.;.;6764
Helse Midt-Norge RHF;Nord-Trøndelag;2;NT og St. Olav;5060;Nærøysund;.;.;9581
Helse Midt-Norge RHF;St. Olav;2;NT og St. Olav;5014;Frøya;.;.;5204
Helse Midt-Norge RHF;St. Olav;2;NT og St. Olav;5021;Oppdal;.;.;6981
Helse Midt-Norge RHF;St. Olav;2;NT og St. Olav;5022;Rennebu;.;.;2454
Helse Midt-Norge RHF;St. Olav;2;NT og St. Olav;5025;Røros;.;.;5550
Helse Midt-Norge RHF;St. Olav;2;NT og St. Olav;5026;Holtålen;.;.;1968
Helse Midt-Norge RHF;St. Olav;2;NT og St. Olav;5027;Midtre Gauldal;.;.;6243
Helse Midt-Norge RHF;St. Olav;2;NT og St. Olav;5028;Melhus;.;.;16949
Helse Midt-Norge RHF;St. Olav;2;NT og St. Olav;5029;Skaun;.;.;8367
Helse Midt-Norge RHF;St. Olav;2;NT og St. Olav;5031;Malvik;.;.;14334
Helse Midt-Norge RHF;St. Olav;2;NT og St. Olav;5032;Selbu;.;.;4069
Helse Midt-Norge RHF;St. Olav;2;NT og St. Olav;5033;Tydal;.;.;759
Helse Midt-Norge RHF;St. Olav;2;NT og St. Olav;5054;Indre Fosen;.;.;9948
Helse Midt-Norge RHF;St. Olav;2;NT og St. Olav;5055;Heim;.;.;5941
Helse Midt-Norge RHF;St. Olav;2;NT og St. Olav;5056;Hitra;.;.;5140
Helse Midt-Norge RHF;St. Olav;2;NT og St. Olav;5057;Ørland;.;.;10306
Helse Midt-Norge RHF;St. Olav;2;NT og St. Olav;5058;Åfjord;.;.;4271
Helse Midt-Norge RHF;St. Olav;2;NT og St. Olav;5059;Orkland;.;.;18300
Helse Midt-Norge RHF;St. Olav;2;NT og St. Olav;5061;Rindal;.;.;1989
Helse Midt-Norge RHF;St. Olav;3;Trondheim by;5001;Trondheim;500101;01 Midtbyen;51965
Helse Midt-Norge RHF;St. Olav;3;Trondheim by;5001;Trondheim;500102;02 Østbyen;57473
Helse Midt-Norge RHF;St. Olav;3;Trondheim by;5001;Trondheim;500103;03 Lerkendal;54899
Helse Midt-Norge RHF;St. Olav;3;Trondheim by;5001;Trondheim;500104;04 Heimdal;42773
Helse Midt-Norge RHF;St. Olav;3;Trondheim by;5001;Trondheim;500199;99 Uoppgitt bydel Trondheim;485
Helse Nord RHF;Finnmark;4;Finnmark og UNN;5403;Alta;.;.;20847
Helse Nord RHF;Finnmark;4;Finnmark og UNN;5404;Vardø;.;.;1959
Helse Nord RHF;Finnmark;4;Finnmark og UNN;5405;Vadsø;.;.;5642
Helse Nord RHF;Finnmark;4;Finnmark og UNN;5406;Hammerfest;.;.;11331
Helse Nord RHF;Finnmark;4;Finnmark og UNN;5430;Kautokeino;.;.;2920
Helse Nord RHF;Finnmark;4;Finnmark og UNN;5432;Loppa;.;.;860
Helse Nord RHF;Finnmark;4;Finnmark og UNN;5433;Hasvik;.;.;983
Helse Nord RHF;Finnmark;4;Finnmark og UNN;5434;Måsøy;.;.;1197
Helse Nord RHF;Finnmark;4;Finnmark og UNN;5435;Nordkapp;.;.;3075
Helse Nord RHF;Finnmark;4;Finnmark og UNN;5436;Porsanger;.;.;3921
Helse Nord RHF;Finnmark;4;Finnmark og UNN;5437;Karasjok;.;.;2641
Helse Nord RHF;Finnmark;4;Finnmark og UNN;5438;Lebesby;.;.;1271
Helse Nord RHF;Finnmark;4;Finnmark og UNN;5439;Gamvik;.;.;1097
Helse Nord RHF;Finnmark;4;Finnmark og UNN;5440;Berlevåg;.;.;928
Helse Nord RHF;Finnmark;4;Finnmark og UNN;5441;Tana;.;.;2829
Helse Nord RHF;Finnmark;4;Finnmark og UNN;5442;Nesseby;.;.;880
Helse Nord RHF;Finnmark;4;Finnmark og UNN;5443;Båtsfjord;.;.;2200
Helse Nord RHF;Finnmark;4;Finnmark og UNN;5444;Sør-Varanger;.;.;10103
Helse Nord RHF;UNN;4;Finnmark og UNN;1806;Narvik;.;.;21661
Helse Nord RHF;UNN;4;Finnmark og UNN;1851;Lødingen;.;.;2003
Helse Nord RHF;UNN;4;Finnmark og UNN;1853;Evenes;.;.;1324
Helse Nord RHF;UNN;4;Finnmark og UNN;5402;Harstad;.;.;24738
Helse Nord RHF;UNN;4;Finnmark og UNN;5411;Kvæfjord;.;.;2822
Helse Nord RHF;UNN;4;Finnmark og UNN;5412;Tjeldsund;.;.;4209
Helse Nord RHF;UNN;4;Finnmark og UNN;5413;Ibestad;.;.;1320
Helse Nord RHF;UNN;4;Finnmark og UNN;5414;Gratangen;.;.;1092
Helse Nord RHF;UNN;4;Finnmark og UNN;5415;Lavangen;.;.;1020
Helse Nord RHF;UNN;4;Finnmark og UNN;5417;Salangen;.;.;2089
Helse Nord RHF;UNN;4;Finnmark og UNN;5401;Tromsø;.;.;77095
Helse Nord RHF;UNN;4;Finnmark og UNN;5416;Bardu;.;.;3959
Helse Nord RHF;UNN;4;Finnmark og UNN;5418;Målselv;.;.;6609
Helse Nord RHF;UNN;4;Finnmark og UNN;5419;Sørreisa;.;.;3465
Helse Nord RHF;UNN;4;Finnmark og UNN;5420;Dyrøy;.;.;1063
Helse Nord RHF;UNN;4;Finnmark og UNN;5421;Senja;.;.;14725
Helse Nord RHF;UNN;4;Finnmark og UNN;5422;Balsfjord;.;.;5559
Helse Nord RHF;UNN;4;Finnmark og UNN;5423;Karlsøy;.;.;2172
Helse Nord RHF;UNN;4;Finnmark og UNN;5424;Lyngen;.;.;2773
Helse Nord RHF;UNN;4;Finnmark og UNN;5425;Storfjord;.;.;1831
Helse Nord RHF;UNN;4;Finnmark og UNN;5426;Kåfjord;.;.;2072
Helse Nord RHF;UNN;4;Finnmark og UNN;5427;Skjervøy;.;.;2893
Helse Nord RHF;UNN;4;Finnmark og UNN;5428;Nordreisa;.;.;4812
Helse Nord RHF;UNN;4;Finnmark og UNN;5429;Kvænangen;.;.;1166
Helse Nord RHF;Nordland;5;Nordland og Helgeland;1804;Bodø;.;.;52560
Helse Nord RHF;Nordland;5;Nordland og Helgeland;1837;Meløy;.;.;6247
Helse Nord RHF;Nordland;5;Nordland og Helgeland;1838;Gildeskål;.;.;1920
Helse Nord RHF;Nordland;5;Nordland og Helgeland;1839;Beiarn;.;.;999
Helse Nord RHF;Nordland;5;Nordland og Helgeland;1840;Saltdal;.;.;4632
Helse Nord RHF;Nordland;5;Nordland og Helgeland;1841;Fauske - Fuossko;.;.;9640
Helse Nord RHF;Nordland;5;Nordland og Helgeland;1845;Sørfold;.;.;1912
Helse Nord RHF;Nordland;5;Nordland og Helgeland;1848;Steigen;.;.;2586
Helse Nord RHF;Nordland;5;Nordland og Helgeland;1856;Røst;.;.;488
Helse Nord RHF;Nordland;5;Nordland og Helgeland;1857;Værøy;.;.;698
Helse Nord RHF;Nordland;5;Nordland og Helgeland;1859;Flakstad;.;.;1238
Helse Nord RHF;Nordland;5;Nordland og Helgeland;1860;Vestvågøy;.;.;11521
Helse Nord RHF;Nordland;5;Nordland og Helgeland;1865;Vågan;.;.;9670
Helse Nord RHF;Nordland;5;Nordland og Helgeland;1866;Hadsel;.;.;8065
Helse Nord RHF;Nordland;5;Nordland og Helgeland;1867;Bø (Nordland);.;.;2576
Helse Nord RHF;Nordland;5;Nordland og Helgeland;1868;Øksnes;.;.;4416
Helse Nord RHF;Nordland;5;Nordland og Helgeland;1870;Sortland;.;.;10514
Helse Nord RHF;Nordland;5;Nordland og Helgeland;1871;Andøy;.;.;4588
Helse Nord RHF;Nordland;5;Nordland og Helgeland;1874;Moskenes;.;.;989
Helse Nord RHF;Nordland;5;Nordland og Helgeland;1875;Hamarøy;.;.;2701
Helse Nord RHF;Helgeland;5;Nordland og Helgeland;1811;Bindal;.;.;1397
Helse Nord RHF;Helgeland;5;Nordland og Helgeland;1812;Sømna;.;.;1990
Helse Nord RHF;Helgeland;5;Nordland og Helgeland;1813;Brønnøy;.;.;7803
Helse Nord RHF;Helgeland;5;Nordland og Helgeland;1815;Vega;.;.;1182
Helse Nord RHF;Helgeland;5;Nordland og Helgeland;1816;Vevelstad;.;.;465
Helse Nord RHF;Helgeland;5;Nordland og Helgeland;1818;Herøy (Nordland);.;.;1793
Helse Nord RHF;Helgeland;5;Nordland og Helgeland;1820;Alstahaug;.;.;7394
Helse Nord RHF;Helgeland;5;Nordland og Helgeland;1822;Leirfjord;.;.;2278
Helse Nord RHF;Helgeland;5;Nordland og Helgeland;1824;Vefsn;.;.;13268
Helse Nord RHF;Helgeland;5;Nordland og Helgeland;1825;Grane;.;.;1453
Helse Nord RHF;Helgeland;5;Nordland og Helgeland;1826;Hattfjelldal;.;.;1267
Helse Nord RHF;Helgeland;5;Nordland og Helgeland;1827;Dønna;.;.;1371
Helse Nord RHF;Helgeland;5;Nordland og Helgeland;1828;Nesna;.;.;1701
Helse Nord RHF;Helgeland;5;Nordland og Helgeland;1832;Hemnes;.;.;4428
Helse Nord RHF;Helgeland;5;Nordland og Helgeland;1833;Rana;.;.;26083
Helse Nord RHF;Helgeland;5;Nordland og Helgeland;1834;Lurøy;.;.;1876
Helse Nord RHF;Helgeland;5;Nordland og Helgeland;1835;Træna;.;.;442
Helse Nord RHF;Helgeland;5;Nordland og Helgeland;1836;Rødøy;.;.;1206
Helse Sør-Øst RHF;Sørlandet;6;Sørlandet;4201;Risør;.;.;6762
Helse Sør-Øst RHF;Sørlandet;6;Sørlandet;4202;Grimstad;.;.;23891
Helse Sør-Øst RHF;Sørlandet;6;Sørlandet;4203;Arendal;.;.;45065
Helse Sør-Øst RHF;Sørlandet;6;Sørlandet;4206;Farsund;.;.;9645
Helse Sør-Øst RHF;Sørlandet;6;Sørlandet;4207;Flekkefjord;.;.;9027
Helse Sør-Øst RHF;Sørlandet;6;Sørlandet;4211;Gjerstad;.;.;2430
Helse Sør-Øst RHF;Sørlandet;6;Sørlandet;4212;Vegårshei;.;.;2128
Helse Sør-Øst RHF;Sørlandet;6;Sørlandet;4213;Tvedestrand;.;.;6067
Helse Sør-Øst RHF;Sørlandet;6;Sørlandet;4214;Froland;.;.;6004
Helse Sør-Øst RHF;Sørlandet;6;Sørlandet;4215;Lillesand;.;.;11180
Helse Sør-Øst RHF;Sørlandet;6;Sørlandet;4217;Åmli;.;.;1822
Helse Sør-Øst RHF;Sørlandet;6;Sørlandet;4219;Evje og Hornnes;.;.;3619
Helse Sør-Øst RHF;Sørlandet;6;Sørlandet;4220;Bygland;.;.;1142
Helse Sør-Øst RHF;Sørlandet;6;Sørlandet;4221;Valle;.;.;1169
Helse Sør-Øst RHF;Sørlandet;6;Sørlandet;4222;Bykle;.;.;930
Helse Sør-Øst RHF;Sørlandet;6;Sørlandet;4225;Lyngdal;.;.;10464
Helse Sør-Øst RHF;Sørlandet;6;Sørlandet;4226;Hægebostad;.;.;1690
Helse Sør-Øst RHF;Sørlandet;6;Sørlandet;4227;Kvinesdal;.;.;5922
Helse Sør-Øst RHF;Sørlandet;6;Sørlandet;4228;Sirdal;.;.;1772
Helse Sør-Øst RHF;Vestre Viken;7;Bærum og Asker;3024;Bærum;.;.;128233
Helse Sør-Øst RHF;Vestre Viken;7;Bærum og Asker;3025;Asker;.;.;94915
Helse Sør-Øst RHF;Diakonhjemmet;8;Diakonhjemmet;301;Oslo kommune;30105;05 Frogner;59015
Helse Sør-Øst RHF;Diakonhjemmet;8;Diakonhjemmet;301;Oslo kommune;30106;06 Ullern;34894
Helse Sør-Øst RHF;Diakonhjemmet;8;Diakonhjemmet;301;Oslo kommune;30107;07 Vestre Aker;50558
Helse Sør-Øst RHF;Innlandet;9;Gjøvik, Toten og Lillehammer;3054;Lunner;.;.;9062
Helse Sør-Øst RHF;Innlandet;9;Gjøvik, Toten og Lillehammer;3405;Lillehammer;.;.;28493
Helse Sør-Øst RHF;Innlandet;9;Gjøvik, Toten og Lillehammer;3407;Gjøvik;.;.;30395
Helse Sør-Øst RHF;Innlandet;9;Gjøvik, Toten og Lillehammer;3418;Åsnes;.;.;7227
Helse Sør-Øst RHF;Innlandet;9;Gjøvik, Toten og Lillehammer;3425;Engerdal;.;.;1250
Helse Sør-Øst RHF;Innlandet;9;Gjøvik, Toten og Lillehammer;3431;Dovre;.;.;2512
Helse Sør-Øst RHF;Innlandet;9;Gjøvik, Toten og Lillehammer;3432;Lesja;.;.;1980
Helse Sør-Øst RHF;Innlandet;9;Gjøvik, Toten og Lillehammer;3433;Skjåk;.;.;2183
Helse Sør-Øst RHF;Innlandet;9;Gjøvik, Toten og Lillehammer;3434;Lom;.;.;2204
Helse Sør-Øst RHF;Innlandet;9;Gjøvik, Toten og Lillehammer;3435;Vågå;.;.;3564
Helse Sør-Øst RHF;Innlandet;9;Gjøvik, Toten og Lillehammer;3436;Nord-Fron;.;.;5705
Helse Sør-Øst RHF;Innlandet;9;Gjøvik, Toten og Lillehammer;3437;Sel;.;.;5592
Helse Sør-Øst RHF;Innlandet;9;Gjøvik, Toten og Lillehammer;3438;Sør-Fron;.;.;3064
Helse Sør-Øst RHF;Innlandet;9;Gjøvik, Toten og Lillehammer;3439;Ringebu;.;.;4408
Helse Sør-Øst RHF;Innlandet;9;Gjøvik, Toten og Lillehammer;3440;Øyer;.;.;5093
Helse Sør-Øst RHF;Innlandet;9;Gjøvik, Toten og Lillehammer;3441;Gausdal;.;.;6023
Helse Sør-Øst RHF;Innlandet;9;Gjøvik, Toten og Lillehammer;3442;Østre Toten;.;.;14871
Helse Sør-Øst RHF;Innlandet;9;Gjøvik, Toten og Lillehammer;3443;Vestre Toten;.;.;13459
Helse Sør-Øst RHF;Innlandet;9;Gjøvik, Toten og Lillehammer;3446;Gran;.;.;13611
Helse Sør-Øst RHF;Innlandet;9;Gjøvik, Toten og Lillehammer;3447;Søndre Land;.;.;5579
Helse Sør-Øst RHF;Innlandet;9;Gjøvik, Toten og Lillehammer;3448;Nordre Land;.;.;6581
Helse Sør-Øst RHF;Innlandet;9;Gjøvik, Toten og Lillehammer;3449;Sør-Aurdal;.;.;2904
Helse Sør-Øst RHF;Innlandet;9;Gjøvik, Toten og Lillehammer;3450;Etnedal;.;.;1257
Helse Sør-Øst RHF;Innlandet;9;Gjøvik, Toten og Lillehammer;3451;Nord-Aurdal;.;.;6360
Helse Sør-Øst RHF;Innlandet;9;Gjøvik, Toten og Lillehammer;3452;Vestre Slidre;.;.;2120
Helse Sør-Øst RHF;Innlandet;9;Gjøvik, Toten og Lillehammer;3453;Øystre Slidre;.;.;3236
Helse Sør-Øst RHF;Innlandet;9;Gjøvik, Toten og Lillehammer;3454;Vang;.;.;1573
Helse Sør-Øst RHF;Innlandet;10;Ringsaker, Hamar og Elverum;3403;Hamar;.;.;31509
Helse Sør-Øst RHF;Innlandet;10;Ringsaker, Hamar og Elverum;3411;Ringsaker;.;.;34897
Helse Sør-Øst RHF;Innlandet;10;Ringsaker, Hamar og Elverum;3412;Løten;.;.;7625
Helse Sør-Øst RHF;Innlandet;10;Ringsaker, Hamar og Elverum;3413;Stange;.;.;21072
Helse Sør-Øst RHF;Innlandet;10;Ringsaker, Hamar og Elverum;3419;Våler (Innlandet);.;.;3587
Helse Sør-Øst RHF;Innlandet;10;Ringsaker, Hamar og Elverum;3420;Elverum;.;.;21292
Helse Sør-Øst RHF;Innlandet;10;Ringsaker, Hamar og Elverum;3421;Trysil;.;.;6580
Helse Sør-Øst RHF;Innlandet;10;Ringsaker, Hamar og Elverum;3422;Åmot;.;.;4338
Helse Sør-Øst RHF;Innlandet;10;Ringsaker, Hamar og Elverum;3423;Stor-Elvdal;.;.;2378
Helse Sør-Øst RHF;Innlandet;10;Ringsaker, Hamar og Elverum;3424;Rendalen;.;.;1741
Helse Sør-Øst RHF;Innlandet;10;Ringsaker, Hamar og Elverum;3426;Tolga;.;.;1563
Helse Sør-Øst RHF;Innlandet;10;Ringsaker, Hamar og Elverum;3427;Tynset;.;.;5537
Helse Sør-Øst RHF;Innlandet;10;Ringsaker, Hamar og Elverum;3428;Alvdal;.;.;2405
Helse Sør-Øst RHF;Innlandet;10;Ringsaker, Hamar og Elverum;3429;Folldal;.;.;1518
Helse Sør-Øst RHF;Innlandet;10;Ringsaker, Hamar og Elverum;3430;Os;.;.;1870
Helse Sør-Øst RHF;Sørlandet;11;Kristiansand;4204;Kristiansand;.;.;112588
Helse Sør-Øst RHF;Sørlandet;11;Kristiansand;4205;Lindesnes;.;.;23055
Helse Sør-Øst RHF;Sørlandet;11;Kristiansand;4216;Birkenes;.;.;5274
Helse Sør-Øst RHF;Sørlandet;11;Kristiansand;4218;Iveland;.;.;1335
Helse Sør-Øst RHF;Sørlandet;11;Kristiansand;4223;Vennesla;.;.;14935
Helse Sør-Øst RHF;Sørlandet;11;Kristiansand;4224;Åseral;.;.;927
Helse Sør-Øst RHF;Lovisenberg;12;Lovisenberg;301;Oslo kommune;30101;01 Gamle Oslo;59876
Helse Sør-Øst RHF;Lovisenberg;12;Lovisenberg;301;Oslo kommune;30102;02 Grünerløkka;63456
Helse Sør-Øst RHF;Lovisenberg;12;Lovisenberg;301;Oslo kommune;30104;04 St. Hanshaugen;38864
Helse Sør-Øst RHF;Akershus;13;Oslo Øst;301;Oslo kommune;30110;10 Grorud;27455
Helse Sør-Øst RHF;Akershus;13;Oslo Øst;301;Oslo kommune;30111;11 Stovner;33279
Helse Sør-Øst RHF;Akershus;13;Oslo Øst;301;Oslo kommune;30112;12 Alna;49577
Helse Sør-Øst RHF;OUS;13;Oslo Øst;301;Oslo kommune;30109;09 Bjerke;34003
Helse Sør-Øst RHF;OUS;13;Oslo Øst;301;Oslo kommune;30113;13 Østensjø;50791
Helse Sør-Øst RHF;OUS;14;Oslo Vest;301;Oslo kommune;30103;03 Sagene;45672
Helse Sør-Øst RHF;OUS;14;Oslo Vest;301;Oslo kommune;30108;08 Nordre Aker;52634
Helse Sør-Øst RHF;OUS;14;Oslo Vest;301;Oslo kommune;30114;14 Nordstrand;52583
Helse Sør-Øst RHF;OUS;14;Oslo Vest;301;Oslo kommune;30115;15 Søndre Nordstrand;39097
Helse Sør-Øst RHF;OUS;14;Oslo Vest;301;Oslo kommune;30116;16 Sentrum;1420
Helse Sør-Øst RHF;OUS;14;Oslo Vest;301;Oslo kommune;30117;17 Marka;1618
Helse Sør-Øst RHF;OUS;14;Oslo Vest;301;Oslo kommune;30199;99 Uoppgitt bydel Oslo;2218
Helse Sør-Øst RHF;Østfold;15;Fredrikstad og Moss;3002;Moss;.;.;49668
Helse Sør-Øst RHF;Østfold;15;Fredrikstad og Moss;3011;Hvaler;.;.;4694
Helse Sør-Øst RHF;Østfold;15;Fredrikstad og Moss;3017;Råde;.;.;7568
Helse Sør-Øst RHF;Østfold;15;Fredrikstad og Moss;3004;Fredrikstad;.;.;83193
Helse Sør-Øst RHF;Østfold;16;Sarpsborg og Halden;3003;Sarpsborg;.;.;57372
Helse Sør-Øst RHF;Østfold;16;Sarpsborg og Halden;3001;Halden;.;.;31387
Helse Sør-Øst RHF;Østfold;16;Sarpsborg og Halden;3018;Våler (Viken);.;.;5805
Helse Sør-Øst RHF;Østfold;16;Sarpsborg og Halden;3019;Vestby;.;.;18290
Helse Sør-Øst RHF;Østfold;16;Sarpsborg og Halden;3012;Aremark;.;.;1325
Helse Sør-Øst RHF;Østfold;16;Sarpsborg og Halden;3016;Rakkestad;.;.;8222
Helse Sør-Øst RHF;Østfold;16;Sarpsborg og Halden;3013;Marker;.;.;3601
Helse Sør-Øst RHF;Østfold;16;Sarpsborg og Halden;3014;Indre Østfold;.;.;45201
Helse Sør-Øst RHF;Østfold;16;Sarpsborg og Halden;3015;Skiptvet;.;.;3825
Helse Sør-Øst RHF;Akershus;17;Nordre Follo og Lørenskog;3020;Nordre Follo;.;.;60034
Helse Sør-Øst RHF;Akershus;17;Nordre Follo og Lørenskog;3021;Ås;.;.;20439
Helse Sør-Øst RHF;Akershus;17;Nordre Follo og Lørenskog;3022;Frogn;.;.;15953
Helse Sør-Øst RHF;Akershus;17;Nordre Follo og Lørenskog;3023;Nesodden;.;.;19805
Helse Sør-Øst RHF;Akershus;17;Nordre Follo og Lørenskog;3026;Aurskog-Høland;.;.;17591
Helse Sør-Øst RHF;Akershus;17;Nordre Follo og Lørenskog;3027;Rælingen;.;.;18730
Helse Sør-Øst RHF;Akershus;17;Nordre Follo og Lørenskog;3028;Enebakk;.;.;11065
Helse Sør-Øst RHF;Akershus;17;Nordre Follo og Lørenskog;3029;Lørenskog;.;.;42740
Helse Sør-Øst RHF;Akershus;18;Lillestrøm og Ullensaker;3030;Lillestrøm;.;.;86953
Helse Sør-Øst RHF;Akershus;18;Lillestrøm og Ullensaker;3031;Nittedal;.;.;24454
Helse Sør-Øst RHF;Akershus;18;Lillestrøm og Ullensaker;3032;Gjerdrum;.;.;7043
Helse Sør-Øst RHF;Akershus;18;Lillestrøm og Ullensaker;3033;Ullensaker;.;.;40459
Helse Sør-Øst RHF;Akershus;18;Lillestrøm og Ullensaker;3034;Nes;.;.;23422
Helse Sør-Øst RHF;Akershus;18;Lillestrøm og Ullensaker;3035;Eidsvoll;.;.;26031
Helse Sør-Øst RHF;Akershus;18;Lillestrøm og Ullensaker;3036;Nannestad;.;.;14637
Helse Sør-Øst RHF;Akershus;18;Lillestrøm og Ullensaker;3037;Hurdal;.;.;2838
Helse Sør-Øst RHF;Akershus;18;Lillestrøm og Ullensaker;3401;Kongsvinger;.;.;17851
Helse Sør-Øst RHF;Akershus;18;Lillestrøm og Ullensaker;3414;Nord-Odal;.;.;5038
Helse Sør-Øst RHF;Akershus;18;Lillestrøm og Ullensaker;3415;Sør-Odal;.;.;7914
Helse Sør-Øst RHF;Akershus;18;Lillestrøm og Ullensaker;3416;Eidskog;.;.;6099
Helse Sør-Øst RHF;Akershus;18;Lillestrøm og Ullensaker;3417;Grue;.;.;4545
Helse Sør-Øst RHF;Vestfold;19;Vestfold;3801;Horten;.;.;27510
Helse Sør-Øst RHF;Vestfold;19;Vestfold;3802;Holmestrand;.;.;25011
Helse Sør-Øst RHF;Vestfold;19;Vestfold;3803;Tønsberg;.;.;57026
Helse Sør-Øst RHF;Vestfold;19;Vestfold;3804;Sandefjord;.;.;64345
Helse Sør-Øst RHF;Vestfold;19;Vestfold;3805;Larvik;.;.;47499
Helse Sør-Øst RHF;Vestfold;19;Vestfold;3811;Færder;.;.;26957
Helse Sør-Øst RHF;Telemark;20;Telemark;3806;Porsgrunn;.;.;36526
Helse Sør-Øst RHF;Telemark;20;Telemark;3807;Skien;.;.;55144
Helse Sør-Øst RHF;Telemark;20;Telemark;3808;Notodden;.;.;12994
Helse Sør-Øst RHF;Telemark;20;Telemark;3812;Siljan;.;.;2347
Helse Sør-Øst RHF;Telemark;20;Telemark;3813;Bamble;.;.;14014
Helse Sør-Øst RHF;Telemark;20;Telemark;3814;Kragerø;.;.;10416
Helse Sør-Øst RHF;Telemark;20;Telemark;3815;Drangedal;.;.;4071
Helse Sør-Øst RHF;Telemark;20;Telemark;3816;Nome;.;.;6488
Helse Sør-Øst RHF;Telemark;20;Telemark;3817;Midt-Telemark;.;.;10461
Helse Sør-Øst RHF;Telemark;20;Telemark;3818;Tinn;.;.;5604
Helse Sør-Øst RHF;Telemark;20;Telemark;3819;Hjartdal;.;.;1561
Helse Sør-Øst RHF;Telemark;20;Telemark;3820;Seljord;.;.;2900
Helse Sør-Øst RHF;Telemark;20;Telemark;3821;Kviteseid;.;.;2430
Helse Sør-Øst RHF;Telemark;20;Telemark;3822;Nissedal;.;.;1430
Helse Sør-Øst RHF;Telemark;20;Telemark;3823;Fyresdal;.;.;1228
Helse Sør-Øst RHF;Telemark;20;Telemark;3824;Tokke;.;.;2164
Helse Sør-Øst RHF;Telemark;20;Telemark;3825;Vinje;.;.;3756
Helse Sør-Øst RHF;Vestre Viken;21;Drammen;3005;Drammen;.;.;101859
Helse Sør-Øst RHF;Vestre Viken;21;Drammen;3049;Lier;.;.;27118
Helse Sør-Øst RHF;Vestre Viken;22;Ringerike og Kongsberg;3006;Kongsberg;.;.;27694
Helse Sør-Øst RHF;Vestre Viken;22;Ringerike og Kongsberg;3007;Ringerike;.;.;30835
Helse Sør-Øst RHF;Vestre Viken;22;Ringerike og Kongsberg;3038;Hole;.;.;6811
Helse Sør-Øst RHF;Vestre Viken;22;Ringerike og Kongsberg;3039;Flå;.;.;1049
Helse Sør-Øst RHF;Vestre Viken;22;Ringerike og Kongsberg;3040;Nesbyen;.;.;3262
Helse Sør-Øst RHF;Vestre Viken;22;Ringerike og Kongsberg;3041;Gol;.;.;4636
Helse Sør-Øst RHF;Vestre Viken;22;Ringerike og Kongsberg;3042;Hemsedal;.;.;2546
Helse Sør-Øst RHF;Vestre Viken;22;Ringerike og Kongsberg;3043;Ål;.;.;4648
Helse Sør-Øst RHF;Vestre Viken;22;Ringerike og Kongsberg;3044;Hol;.;.;4434
Helse Sør-Øst RHF;Vestre Viken;22;Ringerike og Kongsberg;3045;Sigdal;.;.;3465
Helse Sør-Øst RHF;Vestre Viken;22;Ringerike og Kongsberg;3046;Krødsherad;.;.;2219
Helse Sør-Øst RHF;Vestre Viken;22;Ringerike og Kongsberg;3047;Modum;.;.;14166
Helse Sør-Øst RHF;Vestre Viken;22;Ringerike og Kongsberg;3048;Øvre Eiker;.;.;19709
Helse Sør-Øst RHF;Vestre Viken;22;Ringerike og Kongsberg;3050;Flesberg;.;.;2713
Helse Sør-Øst RHF;Vestre Viken;22;Ringerike og Kongsberg;3051;Rollag;.;.;1386
Helse Sør-Øst RHF;Vestre Viken;22;Ringerike og Kongsberg;3052;Nore og Uvdal;.;.;2412
Helse Sør-Øst RHF;Vestre Viken;22;Ringerike og Kongsberg;3053;Jevnaker;.;.;6867
Helse Vest RHF;Bergen;23;Haukeland;4601;Bergen;460103;03 Fana;43557
Helse Vest RHF;Bergen;23;Haukeland;4601;Bergen;460104;04 Fyllingsdalen;30204
Helse Vest RHF;Bergen;23;Haukeland;4601;Bergen;460105;05 Laksevåg;40518
Helse Vest RHF;Bergen;23;Haukeland;4601;Bergen;460107;07 Årstad;42386
Helse Vest RHF;Bergen;23;Haukeland;4601;Bergen;460199;99 Uoppgitt bydel Bergen;570
Helse Vest RHF;Bergen;24;Bergen rest;4601;Bergen;460106;06 Ytrebygda;29875
Helse Vest RHF;Bergen;24;Bergen rest;4622;Kvam;.;.;8461
Helse Vest RHF;Bergen;24;Bergen rest;4624;Bjørnafjorden;.;.;25049
Helse Vest RHF;Bergen;24;Bergen rest;4625;Austevoll;.;.;5276
Helse Vest RHF;Bergen;24;Bergen rest;4626;Øygarden;.;.;38664
Helse Vest RHF;Bergen;24;Bergen rest;4627;Askøy;.;.;29594
Helse Vest RHF;Bergen;24;Bergen rest;4628;Vaksdal;.;.;3918
Helse Vest RHF;Stavanger;25;Stavanger;1103;Stavanger;110301;01 Hundvåg;13200
Helse Vest RHF;Stavanger;25;Stavanger;1103;Stavanger;110302;02 Tasta;15592
Helse Vest RHF;Stavanger;25;Stavanger;1103;Stavanger;110303;03 Eiganes/Våland;24635
Helse Vest RHF;Stavanger;25;Stavanger;1103;Stavanger;110304;04 Madla;21573
Helse Vest RHF;Stavanger;25;Stavanger;1103;Stavanger;110305;05 Storhaug;17597
Helse Vest RHF;Stavanger;25;Stavanger;1103;Stavanger;110306;06 Hillevåg;19921
Helse Vest RHF;Stavanger;25;Stavanger;1103;Stavanger;110307;07 Hinna;22989
Helse Vest RHF;Stavanger;25;Stavanger;1103;Stavanger;110308;08 Finnøy;3238
Helse Vest RHF;Stavanger;25;Stavanger;1103;Stavanger;110309;09 Rennesøy;5151
Helse Vest RHF;Stavanger;25;Stavanger;1103;Stavanger;110399;99 Uoppgitt bydel Stavanger;251
Helse Vest RHF;Fonna;26;Fonna;1106;Haugesund;.;.;37323
Helse Vest RHF;Fonna;26;Fonna;1134;Suldal;.;.;3809
Helse Vest RHF;Fonna;26;Fonna;1135;Sauda;.;.;4561
Helse Vest RHF;Fonna;26;Fonna;1145;Bokn;.;.;859
Helse Vest RHF;Fonna;26;Fonna;1146;Tysvær;.;.;11178
Helse Vest RHF;Fonna;26;Fonna;1149;Karmøy;.;.;42345
Helse Vest RHF;Fonna;26;Fonna;1151;Utsira;.;.;192
Helse Vest RHF;Fonna;26;Fonna;1160;Vindafjord;.;.;8705
Helse Vest RHF;Fonna;26;Fonna;4611;Etne;.;.;4053
Helse Vest RHF;Fonna;26;Fonna;4612;Sveio;.;.;5798
Helse Vest RHF;Fonna;26;Fonna;4613;Bømlo;.;.;11953
Helse Vest RHF;Fonna;26;Fonna;4614;Stord;.;.;18861
Helse Vest RHF;Fonna;26;Fonna;4615;Fitjar;.;.;3147
Helse Vest RHF;Fonna;26;Fonna;4616;Tysnes;.;.;2924
Helse Vest RHF;Fonna;26;Fonna;4617;Kvinnherad;.;.;13039
Helse Vest RHF;Fonna;26;Fonna;4618;Ullensvang;.;.;11002
Helse Vest RHF;Fonna;26;Fonna;4619;Eidfjord;.;.;903
Helse Vest RHF;Bergen;27;Førde;4620;Ulvik;.;.;1061
Helse Vest RHF;Bergen;27;Førde;4621;Voss;.;.;15787
Helse Vest RHF;Førde;27;Førde;4602;Kinn;.;.;17160
Helse Vest RHF;Førde;27;Førde;4635;Gulen;.;.;2272
Helse Vest RHF;Førde;27;Førde;4636;Solund;.;.;786
Helse Vest RHF;Førde;27;Førde;4637;Hyllestad;.;.;1294
Helse Vest RHF;Førde;27;Førde;4638;Høyanger;.;.;4049
Helse Vest RHF;Førde;27;Førde;4639;Vik;.;.;2611
Helse Vest RHF;Førde;27;Førde;4640;Sogndal;.;.;11938
Helse Vest RHF;Førde;27;Førde;4641;Aurland;.;.;1777
Helse Vest RHF;Førde;27;Førde;4642;Lærdal;.;.;2129
Helse Vest RHF;Førde;27;Førde;4643;Årdal;.;.;5170
Helse Vest RHF;Førde;27;Førde;4644;Luster;.;.;5189
Helse Vest RHF;Førde;27;Førde;4645;Askvoll;.;.;2991
Helse Vest RHF;Førde;27;Førde;4646;Fjaler;.;.;2885
Helse Vest RHF;Førde;27;Førde;4647;Sunnfjord;.;.;22020
Helse Vest RHF;Førde;27;Førde;4648;Bremanger;.;.;3597
Helse Vest RHF;Førde;27;Førde;4649;Stad;.;.;9517
Helse Vest RHF;Førde;27;Førde;4650;Gloppen;.;.;5885
Helse Vest RHF;Førde;27;Førde;4651;Stryn;.;.;7118
Helse Vest RHF;Bergen;28;Haraldsplass;4601;Bergen;460101;01 Arna;13899
Helse Vest RHF;Bergen;28;Haraldsplass;4601;Bergen;460102;02 Bergenhus;42804
Helse Vest RHF;Bergen;28;Haraldsplass;4601;Bergen;460108;08 Åsane;41788
Helse Vest RHF;Bergen;28;Haraldsplass;4623;Samnanger;.;.;2504
Helse Vest RHF;Bergen;28;Haraldsplass;4629;Modalen;.;.;376
Helse Vest RHF;Bergen;28;Haraldsplass;4630;Osterøy;.;.;8080
Helse Vest RHF;Bergen;28;Haraldsplass;4631;Alver;.;.;29337
Helse Vest RHF;Bergen;28;Haraldsplass;4632;Austrheim;.;.;2860
Helse Vest RHF;Bergen;28;Haraldsplass;4633;Fedje;.;.;525
Helse Vest RHF;Bergen;28;Haraldsplass;4634;Masfjorden;.;.;1660
Helse Vest RHF;Stavanger;29;Sandnes og Sola;1101;Eigersund;.;.;14787
Helse Vest RHF;Stavanger;29;Sandnes og Sola;1108;Sandnes;.;.;80450
Helse Vest RHF;Stavanger;29;Sandnes og Sola;1111;Sokndal;.;.;3257
Helse Vest RHF;Stavanger;29;Sandnes og Sola;1112;Lund;.;.;3174
Helse Vest RHF;Stavanger;29;Sandnes og Sola;1114;Bjerkreim;.;.;2791
Helse Vest RHF;Stavanger;29;Sandnes og Sola;1119;Hå;.;.;19120
Helse Vest RHF;Stavanger;29;Sandnes og Sola;1120;Klepp;.;.;19848
Helse Vest RHF;Stavanger;29;Sandnes og Sola;1121;Time;.;.;19106
Helse Vest RHF;Stavanger;29;Sandnes og Sola;1122;Gjesdal;.;.;12064
Helse Vest RHF;Stavanger;29;Sandnes og Sola;1124;Sola;.;.;27457
Helse Vest RHF;Stavanger;29;Sandnes og Sola;1127;Randaberg;.;.;11315
Helse Vest RHF;Stavanger;29;Sandnes og Sola;1130;Strand;.;.;13070
Helse Vest RHF;Stavanger;29;Sandnes og Sola;1133;Hjelmeland;.;.;2580
Helse Vest RHF;Stavanger;29;Sandnes og Sola;1144;Kvitsøy;.;.;507
