komnr;komnr_navn;bydel;bydel_navn;bohf;bohf_navn;boshhn;boshhn_navn;borhf;borhf_navn;kommentar
Oppdatert per 1.1.2021;;;;;;;;;;
5404;5404 Vardø;;;1;Finnmark;1;Kirkenes;1;Helse Nord RHF;
5405;5405 Vadsø;;;1;Finnmark;1;Kirkenes;1;Helse Nord RHF;
5438;5438 Lebesby;;;1;Finnmark;1;Kirkenes;1;Helse Nord RHF;
5439;5439 Gamvik;;;1;Finnmark;1;Kirkenes;1;Helse Nord RHF;
5440;5440 Berlevåg;;;1;Finnmark;1;Kirkenes;1;Helse Nord RHF;
5441;5441 Deatnu-Tana;;;1;Finnmark;1;Kirkenes;1;Helse Nord RHF;
5442;5442 Unjárga-Nesseby;;;1;Finnmark;1;Kirkenes;1;Helse Nord RHF;
5443;5443 Båtsfjord;;;1;Finnmark;1;Kirkenes;1;Helse Nord RHF;
5444;5444 Sør-Varanger;;;1;Finnmark;1;Kirkenes;1;Helse Nord RHF;
5403;5403 Alta;;;1;Finnmark;2;Hammerfest;1;Helse Nord RHF;
5406;5406 Hammerfest;;;1;Finnmark;2;Hammerfest;1;Helse Nord RHF;
5430;5430 Guovdageaidnu - Kautokeino;;;1;Finnmark;2;Hammerfest;1;Helse Nord RHF;
5432;5432 Loppa;;;1;Finnmark;2;Hammerfest;1;Helse Nord RHF;
5433;5433 Hasvik;;;1;Finnmark;2;Hammerfest;1;Helse Nord RHF;
5434;5434 Måsøy;;;1;Finnmark;2;Hammerfest;1;Helse Nord RHF;
5435;5435 Nordkapp;;;1;Finnmark;2;Hammerfest;1;Helse Nord RHF;
5436;5436 Porsanger - Porsángu - Porsanki ;;;1;Finnmark;2;Hammerfest;1;Helse Nord RHF;
5437;5437 Kárásjohka - Karasjok;;;1;Finnmark;2;Hammerfest;1;Helse Nord RHF;
5401;5401 Tromsø;;;2;UNN;3;UNN Tromsø;1;Helse Nord RHF;
5416;5416 Bardu;;;2;UNN;3;UNN Tromsø;1;Helse Nord RHF;
5418;5418 Målselv;;;2;UNN;3;UNN Tromsø;1;Helse Nord RHF;
5419;5419 Sørreisa;;;2;UNN;3;UNN Tromsø;1;Helse Nord RHF;
5420;5420 Dyrøy;;;2;UNN;3;UNN Tromsø;1;Helse Nord RHF;
5421;5421 Senja;;;2;UNN;3;UNN Tromsø;1;Helse Nord RHF;
5422;5422 Balsfjord;;;2;UNN;3;UNN Tromsø;1;Helse Nord RHF;
5423;5423 Karlsøy;;;2;UNN;3;UNN Tromsø;1;Helse Nord RHF;
5424;5424 Lyngen;;;2;UNN;3;UNN Tromsø;1;Helse Nord RHF;
5425;5425 Storfjord - Omasvuotna - Omasvuono;;;2;UNN;3;UNN Tromsø;1;Helse Nord RHF;
5426;5426 Gáivuotna - Kåfjord - Kaivuono;;;2;UNN;3;UNN Tromsø;1;Helse Nord RHF;
5427;5427 Skjervøy;;;2;UNN;3;UNN Tromsø;1;Helse Nord RHF;
5428;5428 Nordreisa;;;2;UNN;3;UNN Tromsø;1;Helse Nord RHF;
5429;5429 Kvænangen;;;2;UNN;3;UNN Tromsø;1;Helse Nord RHF;
1851;1851 Lødingen;;;2;UNN;4;UNN Harstad;1;Helse Nord RHF;
5402;5402 Harstad;;;2;UNN;4;UNN Harstad;1;Helse Nord RHF;
5411;5411 Kvæfjord;;;2;UNN;4;UNN Harstad;1;Helse Nord RHF;
5412;5412 Tjeldsund;;;2;UNN;4;UNN Harstad;1;Helse Nord RHF;
5413;5413 Ibestad;;;2;UNN;4;UNN Harstad;1;Helse Nord RHF;
1806;1806 Narvik;;;2;UNN;5;UNN Narvik;1;Helse Nord RHF;1.jan.2021: 1806 Narvik består av tidligere 1850 Tysfjord, 1854 Ballangen og 1805 Narvik. 1850 Tysfjord ble delt mellom 1806 Narvik og 1875 Hamarøy. SKDE velger 1806 Narvik. Tysfjord med ca 2000 innbyggere skifter opptaksområde fra Bodø (boshhn=8) til Narvik (boshhn=5).
1853;1853 Evenes;;;2;UNN;5;UNN Narvik;1;Helse Nord RHF;
5414;5414 Gratangen;;;2;UNN;5;UNN Narvik;1;Helse Nord RHF;
5415;5415 Loabák - Lavangen;;;2;UNN;5;UNN Narvik;1;Helse Nord RHF;
5417;5417 Salangen;;;2;UNN;5;UNN Narvik;1;Helse Nord RHF;
1866;1866 Hadsel;;;3;Nordland;6;Vesterålen;1;Helse Nord RHF;
1867;1867 Bø (Nordland);;;3;Nordland;6;Vesterålen;1;Helse Nord RHF;
1868;1868 Øksnes;;;3;Nordland;6;Vesterålen;1;Helse Nord RHF;
1870;1870 Sortland - Suortá;;;3;Nordland;6;Vesterålen;1;Helse Nord RHF;
1871;1871 Andøy;;;3;Nordland;6;Vesterålen;1;Helse Nord RHF;
1859;1859 Flakstad;;;3;Nordland;7;Lofoten;1;Helse Nord RHF;
1860;1860 Vestvågøy;;;3;Nordland;7;Lofoten;1;Helse Nord RHF;
1865;1865 Vågan;;;3;Nordland;7;Lofoten;1;Helse Nord RHF;
1874;1874 Moskenes;;;3;Nordland;7;Lofoten;1;Helse Nord RHF;
1804;1804 Bodø;;;3;Nordland;8;Bodø;1;Helse Nord RHF;
1837;1837 Meløy;;;3;Nordland;8;Bodø;1;Helse Nord RHF;
1838;1838 Gildeskål;;;3;Nordland;8;Bodø;1;Helse Nord RHF;
1839;1839 Beiarn;;;3;Nordland;8;Bodø;1;Helse Nord RHF;
1840;1840 Saltdal;;;3;Nordland;8;Bodø;1;Helse Nord RHF;
1841;1841 Fauske - Fuossko;;;3;Nordland;8;Bodø;1;Helse Nord RHF;
1845;1845 Sørfold;;;3;Nordland;8;Bodø;1;Helse Nord RHF;
1848;1848 Steigen;;;3;Nordland;8;Bodø;1;Helse Nord RHF;
1856;1856 Røst;;;3;Nordland;8;Bodø;1;Helse Nord RHF;
1857;1857 Værøy;;;3;Nordland;8;Bodø;1;Helse Nord RHF;
1875;1875 Hamarøy;;;3;Nordland;8;Bodø;1;Helse Nord RHF;1.jan.2021: 1850 Tysfjord ble delt mellom 1806 Narvik og 1875 Hamarøy. SKDE velger 1806 Narvik. Tysfjord med ca 2000 innbyggere skifter opptaksområde fra Bodø (boshhn=8) til Narvik (boshhn=5).
1828;1828 Nesna;;;4;Helgeland;9;Rana;1;Helse Nord RHF;
1832;1832 Hemnes;;;4;Helgeland;9;Rana;1;Helse Nord RHF;
1833;1833 Rana;;;4;Helgeland;9;Rana;1;Helse Nord RHF;
1836;1836 Rødøy;;;4;Helgeland;9;Rana;1;Helse Nord RHF;
1824;1824 Vefsn;;;4;Helgeland;10;Mosjøen;1;Helse Nord RHF;
1825;1825 Grane;;;4;Helgeland;10;Mosjøen;1;Helse Nord RHF;
1826;1826 Hattfjelldal;;;4;Helgeland;10;Mosjøen;1;Helse Nord RHF;
1811;1811 Bindal;;;4;Helgeland;11;Sandnessjøen;1;Helse Nord RHF;
1812;1812 Sømna;;;4;Helgeland;11;Sandnessjøen;1;Helse Nord RHF;
1813;1813 Brønnøy;;;4;Helgeland;11;Sandnessjøen;1;Helse Nord RHF;
1815;1815 Vega;;;4;Helgeland;11;Sandnessjøen;1;Helse Nord RHF;
1816;1816 Vevelstad;;;4;Helgeland;11;Sandnessjøen;1;Helse Nord RHF;
1818;1818 Herøy (Nordland);;;4;Helgeland;11;Sandnessjøen;1;Helse Nord RHF;
1820;1820 Alstahaug;;;4;Helgeland;11;Sandnessjøen;1;Helse Nord RHF;
1822;1822 Leirfjord;;;4;Helgeland;11;Sandnessjøen;1;Helse Nord RHF;
1827;1827 Dønna;;;4;Helgeland;11;Sandnessjøen;1;Helse Nord RHF;
1834;1834 Lurøy;;;4;Helgeland;11;Sandnessjøen;1;Helse Nord RHF;
1835;1835 Træna;;;4;Helgeland;11;Sandnessjøen;1;Helse Nord RHF;
5006;5006 Steinkjer;;;6;Nord-Trøndelag;;;2;Helse Midt-Norge RHF;
5007;5007 Namsos;;;6;Nord-Trøndelag;;;2;Helse Midt-Norge RHF;
5020;5020 Osen;;;6;Nord-Trøndelag;;;2;Helse Midt-Norge RHF;
5034;5034 Meråker;;;6;Nord-Trøndelag;;;2;Helse Midt-Norge RHF;
5035;5035 Stjørdal;;;6;Nord-Trøndelag;;;2;Helse Midt-Norge RHF;
5036;5036 Frosta;;;6;Nord-Trøndelag;;;2;Helse Midt-Norge RHF;
5037;5037 Levanger;;;6;Nord-Trøndelag;;;2;Helse Midt-Norge RHF;
5038;5038 Verdal;;;6;Nord-Trøndelag;;;2;Helse Midt-Norge RHF;
5041;5041 Snåase - Snåsa;;;6;Nord-Trøndelag;;;2;Helse Midt-Norge RHF;
5042;5042 Lierne;;;6;Nord-Trøndelag;;;2;Helse Midt-Norge RHF;
5043;5043 Raarvihke - Røyrvik;;;6;Nord-Trøndelag;;;2;Helse Midt-Norge RHF;
5044;5044 Namsskogan;;;6;Nord-Trøndelag;;;2;Helse Midt-Norge RHF;
5045;5045 Grong;;;6;Nord-Trøndelag;;;2;Helse Midt-Norge RHF;
5046;5046 Høylandet;;;6;Nord-Trøndelag;;;2;Helse Midt-Norge RHF;
5047;5047 Overhalla;;;6;Nord-Trøndelag;;;2;Helse Midt-Norge RHF;
5049;5049 Flatanger;;;6;Nord-Trøndelag;;;2;Helse Midt-Norge RHF;
5052;5052 Leka;;;6;Nord-Trøndelag;;;2;Helse Midt-Norge RHF;
5053;5053 Inderøy;;;6;Nord-Trøndelag;;;2;Helse Midt-Norge RHF;
5060;5060 Nærøysund;;;6;Nord-Trøndelag;;;2;Helse Midt-Norge RHF;
5001;5001 Trondheim;;;7;St. Olav;;;2;Helse Midt-Norge RHF;
5001;5001 Trondheim;500101;01 Midtbyen;7;St. Olav;;;2;Helse Midt-Norge RHF;
5001;5001 Trondheim;500102;02 Østbyen;7;St. Olav;;;2;Helse Midt-Norge RHF;
5001;5001 Trondheim;500103;03 Lerkendal;7;St. Olav;;;2;Helse Midt-Norge RHF;
5001;5001 Trondheim;500104;04 Heimdal;7;St. Olav;;;2;Helse Midt-Norge RHF;
5001;5001 Trondheim;500199;99 Uoppgitt bydel Trondheim;7;St. Olav;;;2;Helse Midt-Norge RHF;
5014;5014 Frøya;;;7;St. Olav;;;2;Helse Midt-Norge RHF;
5021;5021 Oppdal;;;7;St. Olav;;;2;Helse Midt-Norge RHF;
5022;5022 Rennebu;;;7;St. Olav;;;2;Helse Midt-Norge RHF;
5025;5025 Røros;;;7;St. Olav;;;2;Helse Midt-Norge RHF;
5026;5026 Holtålen;;;7;St. Olav;;;2;Helse Midt-Norge RHF;
5027;5027 Midtre Gauldal;;;7;St. Olav;;;2;Helse Midt-Norge RHF;
5028;5028 Melhus;;;7;St. Olav;;;2;Helse Midt-Norge RHF;
5029;5029 Skaun;;;7;St. Olav;;;2;Helse Midt-Norge RHF;
5031;5031 Malvik;;;7;St. Olav;;;2;Helse Midt-Norge RHF;
5032;5032 Selbu;;;7;St. Olav;;;2;Helse Midt-Norge RHF;
5033;5033 Tydal;;;7;St. Olav;;;2;Helse Midt-Norge RHF;
5054;5054 Indre Fosen;;;7;St. Olav;;;2;Helse Midt-Norge RHF;
5055;5055 Heim;;;7;St. Olav;;;2;Helse Midt-Norge RHF;1.jan.2021: 1571 Halsa, 5011 Hemne og del av 5012 Snillfjord ble slått sammen til 5055 Heim i 2020. Halsa med ca 1600 innbyggere tilhørte tidligere opptaksområdet Møre og Romsdal (bohf=8). 5012 Snillfjord ble delt mellom 5055 Heim, 5056 Hitra og 5059 Orkland. SKDE velger 5059 Orkland. 1613/5012 Snillfjord med ca 1000 innbyggere skifter ikke opptaksområde.
5056;5056 Hitra;;;7;St. Olav;;;2;Helse Midt-Norge RHF;1.jan.2021: 5012 Snillfjord ble delt mellom 5055 Heim, 5056 Hitra og 5059 Orkland. SKDE velger 5059 Orkland. 1613/5012 Snillfjord med ca 1000 innbyggere skifter ikke opptaksområde.
5057;5057 Ørland;;;7;St. Olav;;;2;Helse Midt-Norge RHF;
5058;5058 Åfjord;;;7;St. Olav;;;2;Helse Midt-Norge RHF;1.jan.2021: Nye 5058 Åfjord består av og 1630/5018 Åfjord og 1632/5019 Roan. Roan med ca 950 innbyggere var tidligere i opptaksområdet Helse Nord-Trøndelag (bohf=6).
5059;5059 Orkland;;;7;St. Olav;;;2;Helse Midt-Norge RHF;1.jan.2021: 5012 Snillfjord ble delt mellom 5055 Heim, 5056 Hitra og 5059 Orkland. SKDE velger 5059 Orkland. 1613/5012 Snillfjord med ca 1000 innbyggere skifter ikke opptaksområde.
5061;5061 Rindal;;;7;St. Olav;;;2;Helse Midt-Norge RHF;
1505;1505 Kristiansund;;;8;Møre og Romsdal;;;2;Helse Midt-Norge RHF;
1506;1506 Molde;;;8;Møre og Romsdal;;;2;Helse Midt-Norge RHF;
1507;1507 Ålesund;;;8;Møre og Romsdal;;;2;Helse Midt-Norge RHF;
1511;1511 Vanylven;;;8;Møre og Romsdal;;;2;Helse Midt-Norge RHF;
1514;1514 Sande (Møre og Romsdal);;;8;Møre og Romsdal;;;2;Helse Midt-Norge RHF;
1515;1515 Herøy (Møre og Romsdal);;;8;Møre og Romsdal;;;2;Helse Midt-Norge RHF;
1516;1516 Ulstein;;;8;Møre og Romsdal;;;2;Helse Midt-Norge RHF;
1517;1517 Hareid;;;8;Møre og Romsdal;;;2;Helse Midt-Norge RHF;
1520;1520 Ørsta;;;8;Møre og Romsdal;;;2;Helse Midt-Norge RHF;
1525;1525 Stranda;;;8;Møre og Romsdal;;;2;Helse Midt-Norge RHF;
1528;1528 Sykkylven;;;8;Møre og Romsdal;;;2;Helse Midt-Norge RHF;
1531;1531 Sula;;;8;Møre og Romsdal;;;2;Helse Midt-Norge RHF;
1532;1532 Giske;;;8;Møre og Romsdal;;;2;Helse Midt-Norge RHF;
1535;1535 Vestnes;;;8;Møre og Romsdal;;;2;Helse Midt-Norge RHF;
1539;1539 Rauma;;;8;Møre og Romsdal;;;2;Helse Midt-Norge RHF;
1547;1547 Aukra;;;8;Møre og Romsdal;;;2;Helse Midt-Norge RHF;
1554;1554 Averøy;;;8;Møre og Romsdal;;;2;Helse Midt-Norge RHF;
1557;1557 Gjemnes;;;8;Møre og Romsdal;;;2;Helse Midt-Norge RHF;
1560;1560 Tingvoll;;;8;Møre og Romsdal;;;2;Helse Midt-Norge RHF;
1563;1563 Sunndal;;;8;Møre og Romsdal;;;2;Helse Midt-Norge RHF;
1566;1566 Surnadal;;;8;Møre og Romsdal;;;2;Helse Midt-Norge RHF;
1573;1573 Smøla;;;8;Møre og Romsdal;;;2;Helse Midt-Norge RHF;
1576;1576 Aure;;;8;Møre og Romsdal;;;2;Helse Midt-Norge RHF;
1577;1577 Volda;;;8;Møre og Romsdal;;;2;Helse Midt-Norge RHF;1.jan.2021: Nye 1577 Volda består av 1519 Volda og 1444 Hornindal. Hornindal med ca 1100 innbyggere var tidligere i opptaksområdet Helse Førde (bohf=10).
1578;1578 Fjord;;;8;Møre og Romsdal;;;2;Helse Midt-Norge RHF;
1579;1579 Hustadvika;;;8;Møre og Romsdal;;;2;Helse Midt-Norge RHF;
4601;4601 Bergen;460101;01 Arna;9;Haraldsplass;;;3;Helse Vest RHF;
4601;4601 Bergen;460102;02 Bergenhus;9;Haraldsplass;;;3;Helse Vest RHF;
4601;4601 Bergen;460108;08 Åsane;9;Haraldsplass;;;3;Helse Vest RHF;
4623;4623 Samnanger;;;9;Haraldsplass;;;3;Helse Vest RHF;
4629;4629 Modalen;;;9;Haraldsplass;;;3;Helse Vest RHF;
4630;4630 Osterøy;;;9;Haraldsplass;;;3;Helse Vest RHF;
4631;4631 Alver;;;9;Haraldsplass;;;3;Helse Vest RHF;
4632;4632 Austrheim;;;9;Haraldsplass;;;3;Helse Vest RHF;
4633;4633 Fedje;;;9;Haraldsplass;;;3;Helse Vest RHF;
4634;4634 Masfjorden;;;9;Haraldsplass;;;3;Helse Vest RHF;
4602;4602 Kinn;;;10;Førde;;;3;Helse Vest RHF;
4636;4636 Solund;;;10;Førde;;;3;Helse Vest RHF;
4637;4637 Hyllestad;;;10;Førde;;;3;Helse Vest RHF;
4638;4638 Høyanger;;;10;Førde;;;3;Helse Vest RHF;
4639;4639 Vik;;;10;Førde;;;3;Helse Vest RHF;
4640;4640 Sogndal;;;10;Førde;;;3;Helse Vest RHF;
4641;4641 Aurland;;;10;Førde;;;3;Helse Vest RHF;
4642;4642 Lærdal;;;10;Førde;;;3;Helse Vest RHF;
4643;4643 Årdal;;;10;Førde;;;3;Helse Vest RHF;
4644;4644 Luster;;;10;Førde;;;3;Helse Vest RHF;
4645;4645 Askvoll;;;10;Førde;;;3;Helse Vest RHF;
4646;4646 Fjaler;;;10;Førde;;;3;Helse Vest RHF;
4647;4647 Sunnfjord;;;10;Førde;;;3;Helse Vest RHF;
4648;4648 Bremanger;;;10;Førde;;;3;Helse Vest RHF;
4649;4649 Stad;;;10;Førde;;;3;Helse Vest RHF;
4650;4650 Gloppen;;;10;Førde;;;3;Helse Vest RHF;
4651;4651 Stryn;;;10;Førde;;;3;Helse Vest RHF;
4601;4601 Bergen;;;11;Bergen;;;3;Helse Vest RHF;
4601;4601 Bergen;460103;03 Fana;11;Bergen;;;3;Helse Vest RHF;
4601;4601 Bergen;460104;04 Fyllingsdalen;11;Bergen;;;3;Helse Vest RHF;
4601;4601 Bergen;460105;05 Laksevåg;11;Bergen;;;3;Helse Vest RHF;
4601;4601 Bergen;460106;06 Ytrebygda;11;Bergen;;;3;Helse Vest RHF;
4601;4601 Bergen;460107;07 Årstad;11;Bergen;;;3;Helse Vest RHF;
4601;4601 Bergen;460199;99 Uoppgitt bydel Bergen;11;Bergen;;;3;Helse Vest RHF;
4620;4620 Ulvik;;;11;Bergen;;;3;Helse Vest RHF;
4621;4621 Voss;;;11;Bergen;;;3;Helse Vest RHF;
4622;4622 Kvam;;;11;Bergen;;;3;Helse Vest RHF;
4624;4624 Bjørnafjorden;;;11;Bergen;;;3;Helse Vest RHF;
4625;4625 Austevoll;;;11;Bergen;;;3;Helse Vest RHF;
4626;4626 Øygarden;;;11;Bergen;;;3;Helse Vest RHF;
4627;4627 Askøy;;;11;Bergen;;;3;Helse Vest RHF;
4628;4628 Vaksdal;;;11;Bergen;;;3;Helse Vest RHF;
4635;4635 Gulen;;;11;Bergen;;;3;Helse Vest RHF;1.jan.2021: 4635 Gulen med ca 2300 innbyggere var tidligere i opptaksområdet til Helse Førde (bohf=10).
1106;1106 Haugesund;;;12;Fonna;;;3;Helse Vest RHF;
1134;1134 Suldal;;;12;Fonna;;;3;Helse Vest RHF;
1135;1135 Sauda;;;12;Fonna;;;3;Helse Vest RHF;
1145;1145 Bokn;;;12;Fonna;;;3;Helse Vest RHF;
1146;1146 Tysvær;;;12;Fonna;;;3;Helse Vest RHF;
1149;1149 Karmøy;;;12;Fonna;;;3;Helse Vest RHF;
1151;1151 Utsira;;;12;Fonna;;;3;Helse Vest RHF;
1160;1160 Vindafjord;;;12;Fonna;;;3;Helse Vest RHF;
4611;4611 Etne;;;12;Fonna;;;3;Helse Vest RHF;
4612;4612 Sveio;;;12;Fonna;;;3;Helse Vest RHF;
4613;4613 Bømlo;;;12;Fonna;;;3;Helse Vest RHF;
4614;4614 Stord;;;12;Fonna;;;3;Helse Vest RHF;
4615;4615 Fitjar;;;12;Fonna;;;3;Helse Vest RHF;
4616;4616 Tysnes;;;12;Fonna;;;3;Helse Vest RHF;
4617;4617 Kvinnherad;;;12;Fonna;;;3;Helse Vest RHF;
4618;4618 Ullensvang;;;12;Fonna;;;3;Helse Vest RHF;
4619;4619 Eidfjord;;;12;Fonna;;;3;Helse Vest RHF;
1101;1101 Eigersund;;;13;Stavanger;;;3;Helse Vest RHF;
1103;1103 Stavanger;;;13;Stavanger;;;3;Helse Vest RHF;
1103;1103 Stavanger;110301;01 Hundvåg;13;Stavanger;;;3;Helse Vest RHF;
1103;1103 Stavanger;110302;02 Tasta;13;Stavanger;;;3;Helse Vest RHF;
1103;1103 Stavanger;110303;03 Eiganes/Våland;13;Stavanger;;;3;Helse Vest RHF;
1103;1103 Stavanger;110304;04 Madla;13;Stavanger;;;3;Helse Vest RHF;
1103;1103 Stavanger;110305;05 Storhaug;13;Stavanger;;;3;Helse Vest RHF;
1103;1103 Stavanger;110306;06 Hillevåg;13;Stavanger;;;3;Helse Vest RHF;
1103;1103 Stavanger;110307;07 Hinna;13;Stavanger;;;3;Helse Vest RHF;
1103;1103 Stavanger;110308;08 Finnøy;13;Stavanger;;;3;Helse Vest RHF;
1103;1103 Stavanger;110309;09 Rennesøy;13;Stavanger;;;3;Helse Vest RHF;
1103;1103 Stavanger;110399;99 Uoppgitt bydel Stavanger;13;Stavanger;;;3;Helse Vest RHF;
1108;1108 Sandnes;;;13;Stavanger;;;3;Helse Vest RHF;
1111;1111 Sokndal;;;13;Stavanger;;;3;Helse Vest RHF;
1112;1112 Lund;;;13;Stavanger;;;3;Helse Vest RHF;
1114;1114 Bjerkreim;;;13;Stavanger;;;3;Helse Vest RHF;
1119;1119 Hå;;;13;Stavanger;;;3;Helse Vest RHF;
1120;1120 Klepp;;;13;Stavanger;;;3;Helse Vest RHF;
1121;1121 Time;;;13;Stavanger;;;3;Helse Vest RHF;
1122;1122 Gjesdal;;;13;Stavanger;;;3;Helse Vest RHF;
1124;1124 Sola;;;13;Stavanger;;;3;Helse Vest RHF;
1127;1127 Randaberg;;;13;Stavanger;;;3;Helse Vest RHF;
1130;1130 Strand;;;13;Stavanger;;;3;Helse Vest RHF;
1133;1133 Hjelmeland;;;13;Stavanger;;;3;Helse Vest RHF;
1144;1144 Kvitsøy;;;13;Stavanger;;;3;Helse Vest RHF;
3001;3001 Halden;;;14;Østfold;;;4;Helse Sør-Øst RHF;
3002;3002 Moss;;;14;Østfold;;;4;Helse Sør-Øst RHF;
3003;3003 Sarpsborg;;;14;Østfold;;;4;Helse Sør-Øst RHF;
3004;3004 Fredrikstad;;;14;Østfold;;;4;Helse Sør-Øst RHF;
3011;3011 Hvaler;;;14;Østfold;;;4;Helse Sør-Øst RHF;
3012;3012 Aremark;;;14;Østfold;;;4;Helse Sør-Øst RHF;
3013;3013 Marker;;;14;Østfold;;;4;Helse Sør-Øst RHF;
3014;3014 Indre Østfold;;;14;Østfold;;;4;Helse Sør-Øst RHF;
3015;3015 Skiptvet;;;14;Østfold;;;4;Helse Sør-Øst RHF;
3016;3016 Rakkestad;;;14;Østfold;;;4;Helse Sør-Øst RHF;
3017;3017 Råde;;;14;Østfold;;;4;Helse Sør-Øst RHF;
3018;3018 Våler (Viken);;;14;Østfold;;;4;Helse Sør-Øst RHF;
3019;3019 Vestby;;;14;Østfold;;;4;Helse Sør-Øst RHF;1.jan.2021: Sykehuset Østfold ble i 2018 lokalsykehus for 211/3019 Vestby. Vestby med ca 17800 innbyggere var tidligere i opptaksområdet til Akershus (bohf=15).
301;0301 Oslo kommune;30110;10 Grorud;15;Akershus;;;4;Helse Sør-Øst RHF;
301;0301 Oslo kommune;30111;11 Stovner;15;Akershus;;;4;Helse Sør-Øst RHF;
301;0301 Oslo kommune;30112;12 Alna;15;Akershus;;;4;Helse Sør-Øst RHF;
3020;3020 Nordre Follo;;;15;Akershus;;;4;Helse Sør-Øst RHF;
3021;3021 Ås;;;15;Akershus;;;4;Helse Sør-Øst RHF;
3022;3022 Frogn;;;15;Akershus;;;4;Helse Sør-Øst RHF;
3023;3023 Nesodden;;;15;Akershus;;;4;Helse Sør-Øst RHF;
3026;3026 Aurskog-Høland;;;15;Akershus;;;4;Helse Sør-Øst RHF;
3027;3027 Rælingen;;;15;Akershus;;;4;Helse Sør-Øst RHF;
3028;3028 Enebakk;;;15;Akershus;;;4;Helse Sør-Øst RHF;
3029;3029 Lørenskog;;;15;Akershus;;;4;Helse Sør-Øst RHF;
3030;3030 Lillestrøm;;;15;Akershus;;;4;Helse Sør-Øst RHF;
3031;3031 Nittedal;;;15;Akershus;;;4;Helse Sør-Øst RHF;
3032;3032 Gjerdrum;;;15;Akershus;;;4;Helse Sør-Øst RHF;
3033;3033 Ullensaker;;;15;Akershus;;;4;Helse Sør-Øst RHF;
3034;3034 Nes;;;15;Akershus;;;4;Helse Sør-Øst RHF;1.jan.2021: Kongsvinger sykehus (tidligere del av Sykehuset Innlandet HF) ble 1.feb 2019 del av Akershus HF. Følgende kommuner (3401 Kongsvinger, 3417 Grue, 3414 Nord-Odal, 3415 Sør-Odal, 3416 Eidskog, 3034 Nes) med ca 64500 innbyggerevar tidligere i opptaksområdet Innlandet (bohf=19).
3035;3035 Eidsvoll;;;15;Akershus;;;4;Helse Sør-Øst RHF;
3036;3036 Nannestad;;;15;Akershus;;;4;Helse Sør-Øst RHF;
3037;3037 Hurdal;;;15;Akershus;;;4;Helse Sør-Øst RHF;
3401;3401 Kongsvinger;;;15;Akershus;;;4;Helse Sør-Øst RHF;1.jan.2021: Kongsvinger sykehus (tidligere del av Sykehuset Innlandet HF) ble 1.feb 2019 del av Akershus HF. Følgende kommuner (3401 Kongsvinger, 3417 Grue, 3414 Nord-Odal, 3415 Sør-Odal, 3416 Eidskog, 3034 Nes) med ca 64500 innbyggerevar tidligere i opptaksområdet Innlandet (bohf=19).
3414;3414 Nord-Odal;;;15;Akershus;;;4;Helse Sør-Øst RHF;1.jan.2021: Kongsvinger sykehus (tidligere del av Sykehuset Innlandet HF) ble 1.feb 2019 del av Akershus HF. Følgende kommuner (3401 Kongsvinger, 3417 Grue, 3414 Nord-Odal, 3415 Sør-Odal, 3416 Eidskog, 3034 Nes) med ca 64500 innbyggerevar tidligere i opptaksområdet Innlandet (bohf=19).
3415;3415 Sør-Odal;;;15;Akershus;;;4;Helse Sør-Øst RHF;1.jan.2021: Kongsvinger sykehus (tidligere del av Sykehuset Innlandet HF) ble 1.feb 2019 del av Akershus HF. Følgende kommuner (3401 Kongsvinger, 3417 Grue, 3414 Nord-Odal, 3415 Sør-Odal, 3416 Eidskog, 3034 Nes) med ca 64500 innbyggerevar tidligere i opptaksområdet Innlandet (bohf=19).
3416;3416 Eidskog;;;15;Akershus;;;4;Helse Sør-Øst RHF;1.jan.2021: Kongsvinger sykehus (tidligere del av Sykehuset Innlandet HF) ble 1.feb 2019 del av Akershus HF. Følgende kommuner (3401 Kongsvinger, 3417 Grue, 3414 Nord-Odal, 3415 Sør-Odal, 3416 Eidskog, 3034 Nes) med ca 64500 innbyggerevar tidligere i opptaksområdet Innlandet (bohf=19).
3417;3417 Grue;;;15;Akershus;;;4;Helse Sør-Øst RHF;1.jan.2021: Kongsvinger sykehus (tidligere del av Sykehuset Innlandet HF) ble 1.feb 2019 del av Akershus HF. Følgende kommuner (3401 Kongsvinger, 3417 Grue, 3414 Nord-Odal, 3415 Sør-Odal, 3416 Eidskog, 3034 Nes) med ca 64500 innbyggerevar tidligere i opptaksområdet Innlandet (bohf=19).
301;0301 Oslo kommune;30103;03 Sagene;16;OUS;;;4;Helse Sør-Øst RHF;
301;0301 Oslo kommune;30108;08 Nordre Aker;16;OUS;;;4;Helse Sør-Øst RHF;
301;0301 Oslo kommune;30109;09 Bjerke;16;OUS;;;4;Helse Sør-Øst RHF;
301;0301 Oslo kommune;30113;13 Østensjø;16;OUS;;;4;Helse Sør-Øst RHF;
301;0301 Oslo kommune;30114;14 Nordstrand;16;OUS;;;4;Helse Sør-Øst RHF;
301;0301 Oslo kommune;30115;15 Søndre Nordstrand;16;OUS;;;4;Helse Sør-Øst RHF;
301;0301 Oslo kommune;30116;16 Sentrum;16;OUS;;;4;Helse Sør-Øst RHF;
301;0301 Oslo kommune;30117;17 Marka;16;OUS;;;4;Helse Sør-Øst RHF;
301;0301 Oslo kommune;30199;99 Uoppgitt bydel Oslo;16;OUS;;;4;Helse Sør-Øst RHF;.
301;0301 Oslo kommune;30101;01 Gamle Oslo;17;Lovisenberg;;;4;Helse Sør-Øst RHF;
301;0301 Oslo kommune;30102;02 Grünerløkka;17;Lovisenberg;;;4;Helse Sør-Øst RHF;
301;0301 Oslo kommune;30104;04 St. Hanshaugen;17;Lovisenberg;;;4;Helse Sør-Øst RHF;
301;0301 Oslo kommune;30105;05 Frogner;18;Diakonhjemmet;;;4;Helse Sør-Øst RHF;
301;0301 Oslo kommune;30106;06 Ullern;18;Diakonhjemmet;;;4;Helse Sør-Øst RHF;
301;0301 Oslo kommune;30107;07 Vestre Aker;18;Diakonhjemmet;;;4;Helse Sør-Øst RHF;
3054;3054 Lunner;;;19;Innlandet;;;4;Helse Sør-Øst RHF;
3403;3403 Hamar;;;19;Innlandet;;;4;Helse Sør-Øst RHF;
3405;3405 Lillehammer;;;19;Innlandet;;;4;Helse Sør-Øst RHF;
3407;3407 Gjøvik;;;19;Innlandet;;;4;Helse Sør-Øst RHF;
3411;3411 Ringsaker;;;19;Innlandet;;;4;Helse Sør-Øst RHF;
3412;3412 Løten;;;19;Innlandet;;;4;Helse Sør-Øst RHF;
3413;3413 Stange;;;19;Innlandet;;;4;Helse Sør-Øst RHF;
3418;3418 Åsnes;;;19;Innlandet;;;4;Helse Sør-Øst RHF;
3419;3419 Våler (Innlandet);;;19;Innlandet;;;4;Helse Sør-Øst RHF;
3420;3420 Elverum;;;19;Innlandet;;;4;Helse Sør-Øst RHF;
3421;3421 Trysil;;;19;Innlandet;;;4;Helse Sør-Øst RHF;
3422;3422 Åmot;;;19;Innlandet;;;4;Helse Sør-Øst RHF;
3423;3423 Stor-Elvdal;;;19;Innlandet;;;4;Helse Sør-Øst RHF;
3424;3424 Rendalen;;;19;Innlandet;;;4;Helse Sør-Øst RHF;
3425;3425 Engerdal;;;19;Innlandet;;;4;Helse Sør-Øst RHF;
3426;3426 Tolga;;;19;Innlandet;;;4;Helse Sør-Øst RHF;
3427;3427 Tynset;;;19;Innlandet;;;4;Helse Sør-Øst RHF;
3428;3428 Alvdal;;;19;Innlandet;;;4;Helse Sør-Øst RHF;
3429;3429 Folldal;;;19;Innlandet;;;4;Helse Sør-Øst RHF;
3430;3430 Os;;;19;Innlandet;;;4;Helse Sør-Øst RHF;
3431;3431 Dovre;;;19;Innlandet;;;4;Helse Sør-Øst RHF;
3432;3432 Lesja;;;19;Innlandet;;;4;Helse Sør-Øst RHF;
3433;3433 Skjåk;;;19;Innlandet;;;4;Helse Sør-Øst RHF;
3434;3434 Lom;;;19;Innlandet;;;4;Helse Sør-Øst RHF;
3435;3435 Vågå;;;19;Innlandet;;;4;Helse Sør-Øst RHF;
3436;3436 Nord-Fron;;;19;Innlandet;;;4;Helse Sør-Øst RHF;
3437;3437 Sel;;;19;Innlandet;;;4;Helse Sør-Øst RHF;
3438;3438 Sør-Fron;;;19;Innlandet;;;4;Helse Sør-Øst RHF;
3439;3439 Ringebu;;;19;Innlandet;;;4;Helse Sør-Øst RHF;
3440;3440 Øyer;;;19;Innlandet;;;4;Helse Sør-Øst RHF;
3441;3441 Gausdal;;;19;Innlandet;;;4;Helse Sør-Øst RHF;
3442;3442 Østre Toten;;;19;Innlandet;;;4;Helse Sør-Øst RHF;
3443;3443 Vestre Toten;;;19;Innlandet;;;4;Helse Sør-Øst RHF;
3446;3446 Gran;;;19;Innlandet;;;4;Helse Sør-Øst RHF;
3447;3447 Søndre Land;;;19;Innlandet;;;4;Helse Sør-Øst RHF;
3448;3448 Nordre Land;;;19;Innlandet;;;4;Helse Sør-Øst RHF;
3449;3449 Sør-Aurdal;;;19;Innlandet;;;4;Helse Sør-Øst RHF;
3450;3450 Etnedal;;;19;Innlandet;;;4;Helse Sør-Øst RHF;
3451;3451 Nord-Aurdal;;;19;Innlandet;;;4;Helse Sør-Øst RHF;
3452;3452 Vestre Slidre;;;19;Innlandet;;;4;Helse Sør-Øst RHF;
3453;3453 Øystre Slidre;;;19;Innlandet;;;4;Helse Sør-Øst RHF;
3454;3454 Vang;;;19;Innlandet;;;4;Helse Sør-Øst RHF;
3005;3005 Drammen;;;20;Vestre Viken;;;4;Helse Sør-Øst RHF;
3006;3006 Kongsberg;;;20;Vestre Viken;;;4;Helse Sør-Øst RHF;
3007;3007 Ringerike;;;20;Vestre Viken;;;4;Helse Sør-Øst RHF;
3024;3024 Bærum;;;20;Vestre Viken;;;4;Helse Sør-Øst RHF;
3025;3025 Asker;;;20;Vestre Viken;;;4;Helse Sør-Øst RHF;
3038;3038 Hole;;;20;Vestre Viken;;;4;Helse Sør-Øst RHF;
3039;3039 Flå;;;20;Vestre Viken;;;4;Helse Sør-Øst RHF;
3040;3040 Nesbyen;;;20;Vestre Viken;;;4;Helse Sør-Øst RHF;
3041;3041 Gol;;;20;Vestre Viken;;;4;Helse Sør-Øst RHF;
3042;3042 Hemsedal;;;20;Vestre Viken;;;4;Helse Sør-Øst RHF;
3043;3043 Ål;;;20;Vestre Viken;;;4;Helse Sør-Øst RHF;
3044;3044 Hol;;;20;Vestre Viken;;;4;Helse Sør-Øst RHF;
3045;3045 Sigdal;;;20;Vestre Viken;;;4;Helse Sør-Øst RHF;
3046;3046 Krødsherad;;;20;Vestre Viken;;;4;Helse Sør-Øst RHF;
3047;3047 Modum;;;20;Vestre Viken;;;4;Helse Sør-Øst RHF;
3048;3048 Øvre Eiker;;;20;Vestre Viken;;;4;Helse Sør-Øst RHF;
3049;3049 Lier;;;20;Vestre Viken;;;4;Helse Sør-Øst RHF;
3050;3050 Flesberg;;;20;Vestre Viken;;;4;Helse Sør-Øst RHF;
3051;3051 Rollag;;;20;Vestre Viken;;;4;Helse Sør-Øst RHF;
3052;3052 Nore og Uvdal;;;20;Vestre Viken;;;4;Helse Sør-Øst RHF;
3053;3053 Jevnaker;;;20;Vestre Viken;;;4;Helse Sør-Øst RHF;
3801;3801 Horten;;;21;Vestfold;;;4;Helse Sør-Øst RHF;
3802;3802 Holmestrand;;;21;Vestfold;;;4;Helse Sør-Øst RHF;1.jan.2021: 3802 Holmestrand består av 713 Sande og 715 Holmestrand. Sande med ca 10000 innbyggere var tidligere i opptaksområdet Vestre Viken (bohf=20).
3803;3803 Tønsberg;;;21;Vestfold;;;4;Helse Sør-Øst RHF;
3804;3804 Sandefjord;;;21;Vestfold;;;4;Helse Sør-Øst RHF;
3805;3805 Larvik;;;21;Vestfold;;;4;Helse Sør-Øst RHF;
3811;3811 Færder;;;21;Vestfold;;;4;Helse Sør-Øst RHF;
3806;3806 Porsgrunn;;;22;Telemark;;;4;Helse Sør-Øst RHF;
3807;3807 Skien;;;22;Telemark;;;4;Helse Sør-Øst RHF;
3808;3808 Notodden;;;22;Telemark;;;4;Helse Sør-Øst RHF;
3812;3812 Siljan;;;22;Telemark;;;4;Helse Sør-Øst RHF;
3813;3813 Bamble;;;22;Telemark;;;4;Helse Sør-Øst RHF;
3814;3814 Kragerø;;;22;Telemark;;;4;Helse Sør-Øst RHF;
3815;3815 Drangedal;;;22;Telemark;;;4;Helse Sør-Øst RHF;
3816;3816 Nome;;;22;Telemark;;;4;Helse Sør-Øst RHF;
3817;3817 Midt-Telemark;;;22;Telemark;;;4;Helse Sør-Øst RHF;
3818;3818 Tinn;;;22;Telemark;;;4;Helse Sør-Øst RHF;
3819;3819 Hjartdal;;;22;Telemark;;;4;Helse Sør-Øst RHF;
3820;3820 Seljord;;;22;Telemark;;;4;Helse Sør-Øst RHF;
3821;3821 Kviteseid;;;22;Telemark;;;4;Helse Sør-Øst RHF;
3822;3822 Nissedal;;;22;Telemark;;;4;Helse Sør-Øst RHF;
3823;3823 Fyresdal;;;22;Telemark;;;4;Helse Sør-Øst RHF;
3824;3824 Tokke;;;22;Telemark;;;4;Helse Sør-Øst RHF;
3825;3825 Vinje;;;22;Telemark;;;4;Helse Sør-Øst RHF;
4201;4201 Risør;;;23;Sørlandet;;;4;Helse Sør-Øst RHF;
4202;4202 Grimstad;;;23;Sørlandet;;;4;Helse Sør-Øst RHF;
4203;4203 Arendal;;;23;Sørlandet;;;4;Helse Sør-Øst RHF;
4204;4204 Kristiansand;;;23;Sørlandet;;;4;Helse Sør-Øst RHF;
4205;4205 Lindesnes;;;23;Sørlandet;;;4;Helse Sør-Øst RHF;
4206;4206 Farsund;;;23;Sørlandet;;;4;Helse Sør-Øst RHF;
4207;4207 Flekkefjord;;;23;Sørlandet;;;4;Helse Sør-Øst RHF;
4211;4211 Gjerstad;;;23;Sørlandet;;;4;Helse Sør-Øst RHF;
4212;4212 Vegårshei;;;23;Sørlandet;;;4;Helse Sør-Øst RHF;
4213;4213 Tvedestrand;;;23;Sørlandet;;;4;Helse Sør-Øst RHF;
4214;4214 Froland;;;23;Sørlandet;;;4;Helse Sør-Øst RHF;
4215;4215 Lillesand;;;23;Sørlandet;;;4;Helse Sør-Øst RHF;
4216;4216 Birkenes;;;23;Sørlandet;;;4;Helse Sør-Øst RHF;
4217;4217 Åmli;;;23;Sørlandet;;;4;Helse Sør-Øst RHF;
4218;4218 Iveland;;;23;Sørlandet;;;4;Helse Sør-Øst RHF;
4219;4219 Evje og Hornnes;;;23;Sørlandet;;;4;Helse Sør-Øst RHF;
4220;4220 Bygland;;;23;Sørlandet;;;4;Helse Sør-Øst RHF;
4221;4221 Valle;;;23;Sørlandet;;;4;Helse Sør-Øst RHF;
4222;4222 Bykle;;;23;Sørlandet;;;4;Helse Sør-Øst RHF;
4223;4223 Vennesla;;;23;Sørlandet;;;4;Helse Sør-Øst RHF;
4224;4224 Åseral;;;23;Sørlandet;;;4;Helse Sør-Øst RHF;
4225;4225 Lyngdal;;;23;Sørlandet;;;4;Helse Sør-Øst RHF;
4226;4226 Hægebostad;;;23;Sørlandet;;;4;Helse Sør-Øst RHF;
4227;4227 Kvinesdal;;;23;Sørlandet;;;4;Helse Sør-Øst RHF;
4228;4228 Sirdal;;;23;Sørlandet;;;4;Helse Sør-Øst RHF;
2100;2100 Svalbard;;;24;Utlandet;;;24;Utlandet/Svalbard;
2211;2211 Jan Mayen;;;24;Utlandet;;;24;Utlandet/Svalbard;
2311;2311 Kontinentalsokkelen;;;24;Utlandet;;;24;Utlandet/Svalbard;
2321;2321 Kontinentalsokkelen;;;24;Utlandet;;;24;Utlandet/Svalbard;
9000;9000 Utenlandske statsborgere uten konv;;;24;Utlandet;;;24;Utlandet/Svalbard;
9900;9900 Utenlandske statsborgere med konve;;;24;Utlandet;;;24;Utlandet/Svalbard;
301;301 Oslo;;;30;Oslo;;;4;Helse Sør-Øst RHF;
;;;;31;Indre Oslo;;;4;Helse Sør-Øst RHF;
9999;9999 Ukjent;;;99;Ukjent;;;99;Ukjent/ugyldig kommunenr;
;;;;8888;Norge;;;8888;Norge;
;;;;7777;Helse Nord;;;7777;Helse Nord RHF;
