aar;gml_komnr;gml_navn;ny_komnr;ny_navn;kommentar;kommentar2
1988;707;Larvik;709;Larvik;Kontrollert 17.des 2020 mot SSB;
1988;708;Stavern;709;Larvik;Kontrollert 17.des 2020 mot SSB;
1988;725;Tjølling;709;Larvik;Kontrollert 17.des 2020 mot SSB;
1988;726;Brunlanes;709;Larvik;Kontrollert 17.des 2020 mot SSB;
1988;727;Hedrum;709;Larvik;Kontrollert 17.des 2020 mot SSB;
1988;705;Tønsberg;704;Tønsberg;Kontrollert 17.des 2020 mot SSB;
1988;721;Sem;704;Tønsberg;Kontrollert 17.des 2020 mot SSB;
1988;703;Horten;701;Borre;Kontrollert 17.des 2020 mot SSB;
1988;717;Borre;701;Borre;Kontrollert 17.des 2020 mot SSB;
1992;2001;Hammerfest;2004;Hammerfest;Kontrollert 17.des 2020 mot SSB;
1992;2016;Sørøysund;2004;Hammerfest;Kontrollert 17.des 2020 mot SSB;
1992;903;Arendal;906;Arendal;Kontrollert 17.des 2020 mot SSB;
1992;918;Moland;906;Arendal;Kontrollert 17.des 2020 mot SSB;
1992;920;Øyestad;906;Arendal;Kontrollert 17.des 2020 mot SSB;
1992;921;Tromøy;906;Arendal;Kontrollert 17.des 2020 mot SSB;
1992;922;Hisøy;906;Arendal;Kontrollert 17.des 2020 mot SSB;
1992;401;Hamar;403;Hamar;Kontrollert 17.des 2020 mot SSB;
1992;414;Vang;403;Hamar;Kontrollert 17.des 2020 mot SSB;
1992;102;Sarpsborg;105;Sarpsborg;Kontrollert 17.des 2020 mot SSB;
1992;114;Varteig;105;Sarpsborg;Kontrollert 17.des 2020 mot SSB;
1992;115;Skjeberg;105;Sarpsborg;Kontrollert 17.des 2020 mot SSB;
1992;130;Tune;105;Sarpsborg;Kontrollert 17.des 2020 mot SSB;
1994;103;Fredrikstad;106;Fredrikstad;Kontrollert 17.des 2020 mot SSB;
1994;113;Borge;106;Fredrikstad;Kontrollert 17.des 2020 mot SSB;
1994;131;Rolvsøy;106;Fredrikstad;Kontrollert 17.des 2020 mot SSB;
1994;133;Kråkerøy;106;Fredrikstad;Kontrollert 17.des 2020 mot SSB;
1994;134;Onsøy;106;Fredrikstad;Kontrollert 17.des 2020 mot SSB;
2002;718;Ramnes;716;Re;Kontrollert 17.des 2020 mot SSB;
2002;1214;Ølen;1159;Ølen;Kontrollert 17.des 2020 mot SSB;
2005;1842;Skjerstad;1804;Bodø;Kontrollert 17.des 2020 mot SSB;
2006;1154;Vindafjord;1160;Vindafjord;Kontrollert 17.des 2020 mot SSB;
2006;1159;Ølen;1160;Vindafjord;Kontrollert 17.des 2020 mot SSB;
2006;1569;Aure;1576;Aure;Kontrollert 17.des 2020 mot SSB;
2006;1572;Tustna;1576;Aure;Kontrollert 17.des 2020 mot SSB;
2008;1503;Kristiansund;1505;Kristiansund;Kontrollert 17.des 2020 mot SSB;
2008;1556;Frei;1505;Kristiansund;Kontrollert 17.des 2020 mot SSB;
2012;1723;Mosvik;1756;Inderøy;Kontrollert 17.des 2020 mot SSB;
2012;1729;Inderøy;1756;Inderøy;Kontrollert 17.des 2020 mot SSB;
2013;1901;Harstad;1903;Harstad;Kontrollert 17.des 2020 mot SSB;
2013;1915;Bjarkøy;1903;Harstad;Kontrollert 17.des 2020 mot SSB;
2017;706;Sandefjord;710;Sandefjord;Kontrollert 17.des 2020 mot SSB;
2017;719;Andebu;710;Sandefjord;Kontrollert 17.des 2020 mot SSB;
2017;720;Stokke;710;Sandefjord;Kontrollert 17.des 2020 mot SSB;
2018;709;Larvik;712;Larvik;Kontrollert 17.des 2020 mot SSB;
2018;728;Lardal;712;Larvik;Kontrollert 17.des 2020 mot SSB;
2018;702;Holmestrand;715;Holmestrand;Kontrollert 17.des 2020 mot SSB;
2018;714;Hof;715;Holmestrand;Kontrollert 17.des 2020 mot SSB;
2018;722;Nøtterøy;729;Færder;Kontrollert 17.des 2020 mot SSB;
2018;723;Tjøme;729;Færder;Kontrollert 17.des 2020 mot SSB;
2018;1624;Rissa;5054;Indre Fosen;Kontrollert 17.des 2020 mot SSB;
2018;1718;Leksvik;5054;Indre Fosen;Kontrollert 17.des 2020 mot SSB;
2018;1601;Trondheim;5001;Trondheim;Kontrollert 17.des 2020 mot SSB;
2018;1702;Steinkjer;5004;Steinkjer;Kontrollert 17.des 2020 mot SSB;
2018;1703;Namsos;5005;Namsos;Kontrollert 17.des 2020 mot SSB;
2018;1612;Hemne;5011;Hemne;Kontrollert 17.des 2020 mot SSB;
2018;1613;Snillfjord;5012;Snillfjord;Kontrollert 17.des 2020 mot SSB;
2018;1617;Hitra;5013;Hitra;Kontrollert 17.des 2020 mot SSB;
2018;1620;Frøya;5014;Frøya;Kontrollert 17.des 2020 mot SSB;
2018;1621;Ørland;5015;Ørland;Kontrollert 17.des 2020 mot SSB;
2018;1622;Agdenes;5016;Agdenes;Kontrollert 17.des 2020 mot SSB;
2018;1627;Bjugn;5017;Bjugn;Kontrollert 17.des 2020 mot SSB;
2018;1630;Åfjord;5018;Åfjord;Kontrollert 17.des 2020 mot SSB;
2018;1632;Roan;5019;Roan;Kontrollert 17.des 2020 mot SSB;
2018;1633;Osen;5020;Osen;Kontrollert 17.des 2020 mot SSB;
2018;1634;Oppdal;5021;Oppdal;Kontrollert 17.des 2020 mot SSB;
2018;1635;Rennebu;5022;Rennebu;Kontrollert 17.des 2020 mot SSB;
2018;1636;Meldal;5023;Meldal;Kontrollert 17.des 2020 mot SSB;
2018;1638;Orkdal;5024;Orkdal;Kontrollert 17.des 2020 mot SSB;
2018;1640;Røros;5025;Røros;Kontrollert 17.des 2020 mot SSB;
2018;1644;Holtålen;5026;Holtålen;Kontrollert 17.des 2020 mot SSB;
2018;1648;Midtre Gauldal;5027;Midtre Gauldal;Kontrollert 17.des 2020 mot SSB;
2018;1653;Melhus;5028;Melhus;Kontrollert 17.des 2020 mot SSB;
2018;1657;Skaun;5029;Skaun;Kontrollert 17.des 2020 mot SSB;
2018;1662;Klæbu;5030;Klæbu;Kontrollert 17.des 2020 mot SSB;
2018;1663;Malvik;5031;Malvik;Kontrollert 17.des 2020 mot SSB;
2018;1664;Selbu;5032;Selbu;Kontrollert 17.des 2020 mot SSB;
2018;1665;Tydal;5033;Tydal;Kontrollert 17.des 2020 mot SSB;
2018;1711;Meråker;5034;Meråker;Kontrollert 17.des 2020 mot SSB;
2018;1714;Stjørdal;5035;Stjørdal;Kontrollert 17.des 2020 mot SSB;
2018;1717;Frosta;5036;Frosta;Kontrollert 17.des 2020 mot SSB;
2018;1719;Levanger;5037;Levanger;Kontrollert 17.des 2020 mot SSB;
2018;1721;Verdal;5038;Verdal;Kontrollert 17.des 2020 mot SSB;
2018;1724;Verran;5039;Verran;Kontrollert 17.des 2020 mot SSB;
2018;1725;Namdalseid;5040;Namdalseid;Kontrollert 17.des 2020 mot SSB;
2018;1736;Snåsa;5041;Snåsa;Kontrollert 17.des 2020 mot SSB;
2018;1738;Lierne;5042;Lierne;Kontrollert 17.des 2020 mot SSB;
2018;1739;Røyrvik;5043;Røyrvik;Kontrollert 17.des 2020 mot SSB;
2018;1740;Namsskogan;5044;Namsskogan;Kontrollert 17.des 2020 mot SSB;
2018;1742;Grong;5045;Grong;Kontrollert 17.des 2020 mot SSB;
2018;1743;Høylandet;5046;Høylandet;Kontrollert 17.des 2020 mot SSB;
2018;1744;Overhalla;5047;Overhalla;Kontrollert 17.des 2020 mot SSB;
2018;1748;Fosnes;5048;Fosnes;Kontrollert 17.des 2020 mot SSB;
2018;1749;Flatanger;5049;Flatanger;Kontrollert 17.des 2020 mot SSB;
2018;1750;Vikna;5050;Vikna;Kontrollert 17.des 2020 mot SSB;
2018;1751;Nærøy;5051;Nærøy;Kontrollert 17.des 2020 mot SSB;
2018;1755;Leka;5052;Leka;Kontrollert 17.des 2020 mot SSB;
2018;1756;Inderøy;5053;Inderøy;Kontrollert 17.des 2020 mot SSB;
2019;1567;Rindal;5061;Rindal;Kontrollert 17.des 2020 mot SSB;
2020;1850;Tysfjord;1806;Narvik;1850 Tysfjord ble delt mellom 1806 Narvik og 1875 Hamarøy. SKDE velger 1806 Narvik;
2020;5012;Snillfjord;5059;Orkland;5012 Snillfjord ble delt mellom  5055 Heim, 5056 Hitra og 5059 Orkland. SKDE velger 5059 Orkland.;
2020;101;Halden;3001;Halden;01 Østfold, 02 Akershus og 06 Buskerud ble slått sammen til 30 Viken;
2020;104;Moss;3002;Moss;01 Østfold, 02 Akershus og 06 Buskerud ble slått sammen til 30 Viken;0104 Moss og 0136 Rygge ble slått sammen til 3002 Moss
2020;105;Sarpsborg;3003;Sarpsborg;01 Østfold, 02 Akershus og 06 Buskerud ble slått sammen til 30 Viken;
2020;106;Fredrikstad;3004;Fredrikstad;01 Østfold, 02 Akershus og 06 Buskerud ble slått sammen til 30 Viken;
2020;111;Hvaler;3011;Hvaler;01 Østfold, 02 Akershus og 06 Buskerud ble slått sammen til 30 Viken;
2020;118;Aremark;3012;Aremark;01 Østfold, 02 Akershus og 06 Buskerud ble slått sammen til 30 Viken;
2020;119;Marker;3013;Marker;01 Østfold, 02 Akershus og 06 Buskerud ble slått sammen til 30 Viken;
2020;121;Rømskog;3026;Aurskog-Høland;01 Østfold, 02 Akershus og 06 Buskerud ble slått sammen til 30 Viken;0121 Rømskog og 0221 Aurskog-Høland ble slått sammen til 3026 Aurskog-Høland
2020;122;Trøgstad;3014;Indre Østfold;01 Østfold, 02 Akershus og 06 Buskerud ble slått sammen til 30 Viken;0122 Trøgstad, 0123 Spydeberg, 0124 Askim, 0125 Eidsberg og 0138 Hobøl ble slått sammen til 3014 Indre Østfold
2020;123;Spydeberg;3014;Indre Østfold;01 Østfold, 02 Akershus og 06 Buskerud ble slått sammen til 30 Viken;0122 Trøgstad, 0123 Spydeberg, 0124 Askim, 0125 Eidsberg og 0138 Hobøl ble slått sammen til 3014 Indre Østfold
2020;124;Askim;3014;Indre Østfold;01 Østfold, 02 Akershus og 06 Buskerud ble slått sammen til 30 Viken;0122 Trøgstad, 0123 Spydeberg, 0124 Askim, 0125 Eidsberg og 0138 Hobøl ble slått sammen til 3014 Indre Østfold
2020;125;Eidsberg;3014;Indre Østfold;01 Østfold, 02 Akershus og 06 Buskerud ble slått sammen til 30 Viken;0122 Trøgstad, 0123 Spydeberg, 0124 Askim, 0125 Eidsberg og 0138 Hobøl ble slått sammen til 3014 Indre Østfold
2020;127;Skiptvet;3015;Skiptvet;01 Østfold, 02 Akershus og 06 Buskerud ble slått sammen til 30 Viken;
2020;128;Rakkestad;3016;Rakkestad;01 Østfold, 02 Akershus og 06 Buskerud ble slått sammen til 30 Viken;
2020;135;Råde;3017;Råde;01 Østfold, 02 Akershus og 06 Buskerud ble slått sammen til 30 Viken;
2020;136;Rygge;3002;Moss;01 Østfold, 02 Akershus og 06 Buskerud ble slått sammen til 30 Viken;0104 Moss og 0136 Rygge ble slått sammen til 3002 Moss
2020;137;Våler;3018;Våler;01 Østfold, 02 Akershus og 06 Buskerud ble slått sammen til 30 Viken;
2020;138;Hobøl;3014;Indre Østfold;01 Østfold, 02 Akershus og 06 Buskerud ble slått sammen til 30 Viken;0122 Trøgstad, 0123 Spydeberg, 0124 Askim, 0125 Eidsberg og 0138 Hobøl ble slått sammen til 3014 Indre Østfold
2020;211;Vestby;3019;Vestby;01 Østfold, 02 Akershus og 06 Buskerud ble slått sammen til 30 Viken;
2020;213;Ski;3020;Nordre Follo;01 Østfold, 02 Akershus og 06 Buskerud ble slått sammen til 30 Viken;0213 Ski og 0217 Oppegård ble slått sammen til 3020 Nordre Follo
2020;214;Ås;3021;Ås;01 Østfold, 02 Akershus og 06 Buskerud ble slått sammen til 30 Viken;
2020;215;Frogn;3022;Frogn;01 Østfold, 02 Akershus og 06 Buskerud ble slått sammen til 30 Viken;
2020;216;Nesodden;3023;Nesodden;01 Østfold, 02 Akershus og 06 Buskerud ble slått sammen til 30 Viken;
2020;217;Oppegård;3020;Nordre Follo;01 Østfold, 02 Akershus og 06 Buskerud ble slått sammen til 30 Viken;0213 Ski og 0217 Oppegård ble slått sammen til 3020 Nordre Follo
2020;219;Bærum;3024;Bærum;01 Østfold, 02 Akershus og 06 Buskerud ble slått sammen til 30 Viken;
2020;220;Asker;3025;Asker;01 Østfold, 02 Akershus og 06 Buskerud ble slått sammen til 30 Viken;0220 Asker, 0627 Røyken og 0628 Hurum ble slått sammen til 3025 Asker
2020;221;Aurskog-Høland;3026;Aurskog-Høland;01 Østfold, 02 Akershus og 06 Buskerud ble slått sammen til 30 Viken;0121 Rømskog og 0221 Aurskog-Høland ble slått sammen til 3026 Aurskog-Høland
2020;226;Sørum;3030;Lillestrøm;01 Østfold, 02 Akershus og 06 Buskerud ble slått sammen til 30 Viken;0226 Sørum, 0227 Fet og 0231 Skedsmo ble slått sammen til 3030 Lillestrøm
2020;227;Fet;3030;Lillestrøm;01 Østfold, 02 Akershus og 06 Buskerud ble slått sammen til 30 Viken;0226 Sørum, 0227 Fet og 0231 Skedsmo ble slått sammen til 3030 Lillestrøm
2020;228;Rælingen;3027;Rælingen;01 Østfold, 02 Akershus og 06 Buskerud ble slått sammen til 30 Viken;
2020;229;Enebakk;3028;Enebakk;01 Østfold, 02 Akershus og 06 Buskerud ble slått sammen til 30 Viken;
2020;230;Lørenskog;3029;Lørenskog;01 Østfold, 02 Akershus og 06 Buskerud ble slått sammen til 30 Viken;
2020;231;Skedsmo;3030;Lillestrøm;01 Østfold, 02 Akershus og 06 Buskerud ble slått sammen til 30 Viken;0226 Sørum, 0227 Fet og 0231 Skedsmo ble slått sammen til 3030 Lillestrøm
2020;233;Nittedal;3031;Nittedal;01 Østfold, 02 Akershus og 06 Buskerud ble slått sammen til 30 Viken;
2020;234;Gjerdrum;3032;Gjerdrum;01 Østfold, 02 Akershus og 06 Buskerud ble slått sammen til 30 Viken;
2020;235;Ullensaker;3033;Ullensaker;01 Østfold, 02 Akershus og 06 Buskerud ble slått sammen til 30 Viken;
2020;236;Nes;3034;Nes;01 Østfold, 02 Akershus og 06 Buskerud ble slått sammen til 30 Viken;
2020;237;Eidsvoll;3035;Eidsvoll;01 Østfold, 02 Akershus og 06 Buskerud ble slått sammen til 30 Viken;
2020;238;Nannestad;3036;Nannestad;01 Østfold, 02 Akershus og 06 Buskerud ble slått sammen til 30 Viken;
2020;239;Hurdal;3037;Hurdal;01 Østfold, 02 Akershus og 06 Buskerud ble slått sammen til 30 Viken;
2020;532;Jevnaker;3444;Jevnaker;04 Hedmark og 05 Oppland (unntatt 0532 Jevnaker og 0533 Lunner) ble slått sammen til 34 Innlandet;
2020;533;Lunner;3445;Lunner;04 Hedmark og 05 Oppland (unntatt 0532 Jevnaker og 0533 Lunner) ble slått sammen til 34 Innlandet;
2020;602;Drammen;3005;Drammen;01 Østfold, 02 Akershus og 06 Buskerud ble slått sammen til 30 Viken;0602 Drammen, 0625 Nedre Eiker og 0711 Svelvik ble slått sammen til 3005 Drammen
2020;604;Kongsberg;3006;Kongsberg;01 Østfold, 02 Akershus og 06 Buskerud ble slått sammen til 30 Viken;
2020;605;Ringerike;3007;Ringerike;01 Østfold, 02 Akershus og 06 Buskerud ble slått sammen til 30 Viken;
2020;612;Hole;3038;Hole;01 Østfold, 02 Akershus og 06 Buskerud ble slått sammen til 30 Viken;
2020;615;Flå;3039;Flå;01 Østfold, 02 Akershus og 06 Buskerud ble slått sammen til 30 Viken;
2020;616;Nes;3040;Nesbyen;01 Østfold, 02 Akershus og 06 Buskerud ble slått sammen til 30 Viken;
2020;617;Gol;3041;Gol;01 Østfold, 02 Akershus og 06 Buskerud ble slått sammen til 30 Viken;
2020;618;Hemsedal;3042;Hemsedal;01 Østfold, 02 Akershus og 06 Buskerud ble slått sammen til 30 Viken;
2020;619;Ål;3043;Ål;01 Østfold, 02 Akershus og 06 Buskerud ble slått sammen til 30 Viken;
2020;620;Hol;3044;Hol;01 Østfold, 02 Akershus og 06 Buskerud ble slått sammen til 30 Viken;
2020;621;Sigdal;3045;Sigdal;01 Østfold, 02 Akershus og 06 Buskerud ble slått sammen til 30 Viken;
2020;622;Krødsherad;3046;Krødsherad;01 Østfold, 02 Akershus og 06 Buskerud ble slått sammen til 30 Viken;
2020;623;Modum;3047;Modum;01 Østfold, 02 Akershus og 06 Buskerud ble slått sammen til 30 Viken;
2020;624;Øvre Eiker;3048;Øvre Eiker;01 Østfold, 02 Akershus og 06 Buskerud ble slått sammen til 30 Viken;
2020;625;Nedre Eiker;3005;Drammen;01 Østfold, 02 Akershus og 06 Buskerud ble slått sammen til 30 Viken;0602 Drammen, 0625 Nedre Eiker og 0711 Svelvik ble slått sammen til 3005 Drammen
2020;626;Lier;3049;Lier;01 Østfold, 02 Akershus og 06 Buskerud ble slått sammen til 30 Viken;
2020;627;Røyken;3025;Asker;01 Østfold, 02 Akershus og 06 Buskerud ble slått sammen til 30 Viken;0220 Asker, 0627 Røyken og 0628 Hurum ble slått sammen til 3025 Asker
2020;628;Hurum;3025;Asker;01 Østfold, 02 Akershus og 06 Buskerud ble slått sammen til 30 Viken;0220 Asker, 0627 Røyken og 0628 Hurum ble slått sammen til 3025 Asker
2020;631;Flesberg;3050;Flesberg;01 Østfold, 02 Akershus og 06 Buskerud ble slått sammen til 30 Viken;
2020;632;Rollag;3051;Rollag;01 Østfold, 02 Akershus og 06 Buskerud ble slått sammen til 30 Viken;
2020;633;Nore og Uvdal;3052;Nore og Uvdal;01 Østfold, 02 Akershus og 06 Buskerud ble slått sammen til 30 Viken;
2020;711;Svelvik;3005;Drammen;07 Vestfold avga kommune 0711 Svelvik til 30 Viken, som del av ny kommune 3005 Drammen;0602 Drammen, 0625 Nedre Eiker og 0711 Svelvik ble slått sammen til 3005 Drammen
2020;3444;Jevnaker;3053;Jevnaker;Kommunene 0532 Jevnaker og 0533 Lunner ble flyttet fra 05 Oppland til 30 Viken;
2020;3445;Lunner;3054;Lunner;Kommunene 0532 Jevnaker og 0533 Lunner ble flyttet fra 05 Oppland til 30 Viken;
2020;402;Kongsvinger;3401;Kongsvinger;04 Hedmark og 05 Oppland (unntatt 0532 Jevnaker og 0533 Lunner) ble slått sammen til 34 Innlandet;
2020;403;Hamar;3403;Hamar;04 Hedmark og 05 Oppland (unntatt 0532 Jevnaker og 0533 Lunner) ble slått sammen til 34 Innlandet;
2020;412;Ringsaker;3411;Ringsaker;04 Hedmark og 05 Oppland (unntatt 0532 Jevnaker og 0533 Lunner) ble slått sammen til 34 Innlandet;
2020;415;Løten;3412;Løten;04 Hedmark og 05 Oppland (unntatt 0532 Jevnaker og 0533 Lunner) ble slått sammen til 34 Innlandet;
2020;417;Stange;3413;Stange;04 Hedmark og 05 Oppland (unntatt 0532 Jevnaker og 0533 Lunner) ble slått sammen til 34 Innlandet;
2020;418;Nord-Odal;3414;Nord-Odal;04 Hedmark og 05 Oppland (unntatt 0532 Jevnaker og 0533 Lunner) ble slått sammen til 34 Innlandet;
2020;419;Sør-Odal;3415;Sør-Odal;04 Hedmark og 05 Oppland (unntatt 0532 Jevnaker og 0533 Lunner) ble slått sammen til 34 Innlandet;
2020;420;Eidskog;3416;Eidskog;04 Hedmark og 05 Oppland (unntatt 0532 Jevnaker og 0533 Lunner) ble slått sammen til 34 Innlandet;
2020;423;Grue;3417;Grue;04 Hedmark og 05 Oppland (unntatt 0532 Jevnaker og 0533 Lunner) ble slått sammen til 34 Innlandet;
2020;425;Åsnes;3418;Åsnes;04 Hedmark og 05 Oppland (unntatt 0532 Jevnaker og 0533 Lunner) ble slått sammen til 34 Innlandet;
2020;426;Våler;3419;Våler;04 Hedmark og 05 Oppland (unntatt 0532 Jevnaker og 0533 Lunner) ble slått sammen til 34 Innlandet;
2020;427;Elverum;3420;Elverum;04 Hedmark og 05 Oppland (unntatt 0532 Jevnaker og 0533 Lunner) ble slått sammen til 34 Innlandet;
2020;428;Trysil;3421;Trysil;04 Hedmark og 05 Oppland (unntatt 0532 Jevnaker og 0533 Lunner) ble slått sammen til 34 Innlandet;
2020;429;Åmot;3422;Åmot;04 Hedmark og 05 Oppland (unntatt 0532 Jevnaker og 0533 Lunner) ble slått sammen til 34 Innlandet;
2020;430;Stor-Elvdal;3423;Stor-Elvdal;04 Hedmark og 05 Oppland (unntatt 0532 Jevnaker og 0533 Lunner) ble slått sammen til 34 Innlandet;
2020;432;Rendalen;3424;Rendalen;04 Hedmark og 05 Oppland (unntatt 0532 Jevnaker og 0533 Lunner) ble slått sammen til 34 Innlandet;
2020;434;Engerdal;3425;Engerdal;04 Hedmark og 05 Oppland (unntatt 0532 Jevnaker og 0533 Lunner) ble slått sammen til 34 Innlandet;
2020;436;Tolga;3426;Tolga;04 Hedmark og 05 Oppland (unntatt 0532 Jevnaker og 0533 Lunner) ble slått sammen til 34 Innlandet;
2020;437;Tynset;3427;Tynset;04 Hedmark og 05 Oppland (unntatt 0532 Jevnaker og 0533 Lunner) ble slått sammen til 34 Innlandet;
2020;438;Alvdal;3428;Alvdal;04 Hedmark og 05 Oppland (unntatt 0532 Jevnaker og 0533 Lunner) ble slått sammen til 34 Innlandet;
2020;439;Folldal;3429;Folldal;04 Hedmark og 05 Oppland (unntatt 0532 Jevnaker og 0533 Lunner) ble slått sammen til 34 Innlandet;
2020;441;Os;3430;Os;04 Hedmark og 05 Oppland (unntatt 0532 Jevnaker og 0533 Lunner) ble slått sammen til 34 Innlandet;
2020;501;Lillehammer;3405;Lillehammer;04 Hedmark og 05 Oppland (unntatt 0532 Jevnaker og 0533 Lunner) ble slått sammen til 34 Innlandet;
2020;502;Gjøvik;3407;Gjøvik;04 Hedmark og 05 Oppland (unntatt 0532 Jevnaker og 0533 Lunner) ble slått sammen til 34 Innlandet;
2020;511;Dovre;3431;Dovre;04 Hedmark og 05 Oppland (unntatt 0532 Jevnaker og 0533 Lunner) ble slått sammen til 34 Innlandet;
2020;512;Lesja;3432;Lesja;04 Hedmark og 05 Oppland (unntatt 0532 Jevnaker og 0533 Lunner) ble slått sammen til 34 Innlandet;
2020;513;Skjåk;3433;Skjåk;04 Hedmark og 05 Oppland (unntatt 0532 Jevnaker og 0533 Lunner) ble slått sammen til 34 Innlandet;
2020;514;Lom;3434;Lom;04 Hedmark og 05 Oppland (unntatt 0532 Jevnaker og 0533 Lunner) ble slått sammen til 34 Innlandet;
2020;515;Vågå;3435;Vågå;04 Hedmark og 05 Oppland (unntatt 0532 Jevnaker og 0533 Lunner) ble slått sammen til 34 Innlandet;
2020;516;Nord-Fron;3436;Nord-Fron;04 Hedmark og 05 Oppland (unntatt 0532 Jevnaker og 0533 Lunner) ble slått sammen til 34 Innlandet;
2020;517;Sel;3437;Sel;04 Hedmark og 05 Oppland (unntatt 0532 Jevnaker og 0533 Lunner) ble slått sammen til 34 Innlandet;
2020;519;Sør-Fron;3438;Sør-Fron;04 Hedmark og 05 Oppland (unntatt 0532 Jevnaker og 0533 Lunner) ble slått sammen til 34 Innlandet;
2020;520;Ringebu;3439;Ringebu;04 Hedmark og 05 Oppland (unntatt 0532 Jevnaker og 0533 Lunner) ble slått sammen til 34 Innlandet;
2020;521;Øyer;3440;Øyer;04 Hedmark og 05 Oppland (unntatt 0532 Jevnaker og 0533 Lunner) ble slått sammen til 34 Innlandet;
2020;522;Gausdal;3441;Gausdal;04 Hedmark og 05 Oppland (unntatt 0532 Jevnaker og 0533 Lunner) ble slått sammen til 34 Innlandet;
2020;528;Østre Toten;3442;Østre Toten;04 Hedmark og 05 Oppland (unntatt 0532 Jevnaker og 0533 Lunner) ble slått sammen til 34 Innlandet;
2020;529;Vestre Toten;3443;Vestre Toten;04 Hedmark og 05 Oppland (unntatt 0532 Jevnaker og 0533 Lunner) ble slått sammen til 34 Innlandet;
2020;534;Gran;3446;Gran;04 Hedmark og 05 Oppland (unntatt 0532 Jevnaker og 0533 Lunner) ble slått sammen til 34 Innlandet;
2020;536;Søndre Land;3447;Søndre Land;04 Hedmark og 05 Oppland (unntatt 0532 Jevnaker og 0533 Lunner) ble slått sammen til 34 Innlandet;
2020;538;Nordre Land;3448;Nordre Land;04 Hedmark og 05 Oppland (unntatt 0532 Jevnaker og 0533 Lunner) ble slått sammen til 34 Innlandet;
2020;540;Sør-Aurdal;3449;Sør-Aurdal;04 Hedmark og 05 Oppland (unntatt 0532 Jevnaker og 0533 Lunner) ble slått sammen til 34 Innlandet;
2020;541;Etnedal;3450;Etnedal;04 Hedmark og 05 Oppland (unntatt 0532 Jevnaker og 0533 Lunner) ble slått sammen til 34 Innlandet;
2020;542;Nord-Aurdal;3451;Nord-Aurdal;04 Hedmark og 05 Oppland (unntatt 0532 Jevnaker og 0533 Lunner) ble slått sammen til 34 Innlandet;
2020;543;Vestre Slidre;3452;Vestre Slidre;04 Hedmark og 05 Oppland (unntatt 0532 Jevnaker og 0533 Lunner) ble slått sammen til 34 Innlandet;
2020;544;Øystre Slidre;3453;Øystre Slidre;04 Hedmark og 05 Oppland (unntatt 0532 Jevnaker og 0533 Lunner) ble slått sammen til 34 Innlandet;
2020;545;Vang;3454;Vang;04 Hedmark og 05 Oppland (unntatt 0532 Jevnaker og 0533 Lunner) ble slått sammen til 34 Innlandet;
2020;701;Horten;3801;Horten;07 Vestfold og 08 Telemark ble slått sammen til 38 Vestfold og Telemark;
2020;704;Tønsberg;3803;Tønsberg;07 Vestfold og 08 Telemark ble slått sammen til 38 Vestfold og Telemark;0704 Tønsberg og 0716 Re ble slått sammen til 3803 Tønsberg
2020;710;Sandefjord;3804;Sandefjord;07 Vestfold og 08 Telemark ble slått sammen til 38 Vestfold og Telemark;
2020;712;Larvik;3805;Larvik;07 Vestfold og 08 Telemark ble slått sammen til 38 Vestfold og Telemark;
2020;713;Sande;3802;Holmestrand;07 Vestfold og 08 Telemark ble slått sammen til 38 Vestfold og Telemark;0713 Sande og 0715 Holmestrand ble slått sammen til 3802 Holmestrand
2020;715;Holmestrand;3802;Holmestrand;07 Vestfold og 08 Telemark ble slått sammen til 38 Vestfold og Telemark;0713 Sande og 0715 Holmestrand ble slått sammen til 3802 Holmestrand
2020;716;Re;3803;Tønsberg;07 Vestfold og 08 Telemark ble slått sammen til 38 Vestfold og Telemark;0704 Tønsberg og 0716 Re ble slått sammen til 3803 Tønsberg
2020;729;Færder;3811;Færder;07 Vestfold og 08 Telemark ble slått sammen til 38 Vestfold og Telemark;
2020;805;Porsgrunn;3806;Porsgrunn;07 Vestfold og 08 Telemark ble slått sammen til 38 Vestfold og Telemark;
2020;806;Skien;3807;Skien;07 Vestfold og 08 Telemark ble slått sammen til 38 Vestfold og Telemark;
2020;807;Notodden;3808;Notodden;07 Vestfold og 08 Telemark ble slått sammen til 38 Vestfold og Telemark;
2020;811;Siljan;3812;Siljan;07 Vestfold og 08 Telemark ble slått sammen til 38 Vestfold og Telemark;
2020;814;Bamble;3813;Bamble;07 Vestfold og 08 Telemark ble slått sammen til 38 Vestfold og Telemark;
2020;815;Kragerø;3814;Kragerø;07 Vestfold og 08 Telemark ble slått sammen til 38 Vestfold og Telemark;
2020;817;Drangedal;3815;Drangedal;07 Vestfold og 08 Telemark ble slått sammen til 38 Vestfold og Telemark;
2020;819;Nome;3816;Nome;07 Vestfold og 08 Telemark ble slått sammen til 38 Vestfold og Telemark;
2020;821;Bø;3817;Midt-Telemark;07 Vestfold og 08 Telemark ble slått sammen til 38 Vestfold og Telemark;0821 Bø og 0822 Sauherad ble slått sammen til 3817 Midt-Telemark
2020;822;Sauherad;3817;Midt-Telemark;07 Vestfold og 08 Telemark ble slått sammen til 38 Vestfold og Telemark;0821 Bø og 0822 Sauherad ble slått sammen til 3817 Midt-Telemark
2020;826;Tinn;3818;Tinn;07 Vestfold og 08 Telemark ble slått sammen til 38 Vestfold og Telemark;
2020;827;Hjartdal;3819;Hjartdal;07 Vestfold og 08 Telemark ble slått sammen til 38 Vestfold og Telemark;
2020;828;Seljord;3820;Seljord;07 Vestfold og 08 Telemark ble slått sammen til 38 Vestfold og Telemark;
2020;829;Kviteseid;3821;Kviteseid;07 Vestfold og 08 Telemark ble slått sammen til 38 Vestfold og Telemark;
2020;830;Nissedal;3822;Nissedal;07 Vestfold og 08 Telemark ble slått sammen til 38 Vestfold og Telemark;
2020;831;Fyresdal;3823;Fyresdal;07 Vestfold og 08 Telemark ble slått sammen til 38 Vestfold og Telemark;
2020;833;Tokke;3824;Tokke;07 Vestfold og 08 Telemark ble slått sammen til 38 Vestfold og Telemark;
2020;834;Vinje;3825;Vinje;07 Vestfold og 08 Telemark ble slått sammen til 38 Vestfold og Telemark;
2020;901;Risør;4201;Risør;09 Aust-Agder og 10 Vest-Agder ble slått sammen til 42 Agder;
2020;904;Grimstad;4202;Grimstad;09 Aust-Agder og 10 Vest-Agder ble slått sammen til 42 Agder;
2020;906;Arendal;4203;Arendal;09 Aust-Agder og 10 Vest-Agder ble slått sammen til 42 Agder;
2020;911;Gjerstad;4211;Gjerstad;09 Aust-Agder og 10 Vest-Agder ble slått sammen til 42 Agder;
2020;912;Vegårshei;4212;Vegårshei;09 Aust-Agder og 10 Vest-Agder ble slått sammen til 42 Agder;
2020;914;Tvedestrand;4213;Tvedestrand;09 Aust-Agder og 10 Vest-Agder ble slått sammen til 42 Agder;
2020;919;Froland;4214;Froland;09 Aust-Agder og 10 Vest-Agder ble slått sammen til 42 Agder;
2020;926;Lillesand;4215;Lillesand;09 Aust-Agder og 10 Vest-Agder ble slått sammen til 42 Agder;
2020;928;Birkenes;4216;Birkenes;09 Aust-Agder og 10 Vest-Agder ble slått sammen til 42 Agder;
2020;929;Åmli;4217;Åmli;09 Aust-Agder og 10 Vest-Agder ble slått sammen til 42 Agder;
2020;935;Iveland;4218;Iveland;09 Aust-Agder og 10 Vest-Agder ble slått sammen til 42 Agder;
2020;937;Evje og Hornnes;4219;Evje og Hornnes;09 Aust-Agder og 10 Vest-Agder ble slått sammen til 42 Agder;
2020;938;Bygland;4220;Bygland;09 Aust-Agder og 10 Vest-Agder ble slått sammen til 42 Agder;
2020;940;Valle;4221;Valle;09 Aust-Agder og 10 Vest-Agder ble slått sammen til 42 Agder;
2020;941;Bykle;4222;Bykle;09 Aust-Agder og 10 Vest-Agder ble slått sammen til 42 Agder;
2020;1001;Kristiansand;4204;Kristiansand;09 Aust-Agder og 10 Vest-Agder ble slått sammen til 42 Agder;1001 Kristiansand, 1017 Songdalen og 1018 Søgne ble slått sammen til 4204 Kristiansand
2020;1002;Mandal;4205;Lindesnes;09 Aust-Agder og 10 Vest-Agder ble slått sammen til 42 Agder;1002 Mandal, 1021 Marnardal og 1029 Lindesnes ble slått sammen til 4205 Lindesnes
2020;1003;Farsund;4206;Farsund;09 Aust-Agder og 10 Vest-Agder ble slått sammen til 42 Agder;
2020;1004;Flekkefjord;4207;Flekkefjord;09 Aust-Agder og 10 Vest-Agder ble slått sammen til 42 Agder;
2020;1014;Vennesla;4223;Vennesla;09 Aust-Agder og 10 Vest-Agder ble slått sammen til 42 Agder;
2020;1017;Songdalen;4204;Kristiansand;09 Aust-Agder og 10 Vest-Agder ble slått sammen til 42 Agder;1001 Kristiansand, 1017 Songdalen og 1018 Søgne ble slått sammen til 4204 Kristiansand
2020;1018;Søgne;4204;Kristiansand;09 Aust-Agder og 10 Vest-Agder ble slått sammen til 42 Agder;1001 Kristiansand, 1017 Songdalen og 1018 Søgne ble slått sammen til 4204 Kristiansand
2020;1021;Marnardal;4205;Lindesnes;09 Aust-Agder og 10 Vest-Agder ble slått sammen til 42 Agder;1002 Mandal, 1021 Marnardal og 1029 Lindesnes ble slått sammen til 4205 Lindesnes
2020;1026;Åseral;4224;Åseral;09 Aust-Agder og 10 Vest-Agder ble slått sammen til 42 Agder;
2020;1027;Audnedal;4225;Lyngdal;09 Aust-Agder og 10 Vest-Agder ble slått sammen til 42 Agder;1027 Audnedal og 1032 Lyngdal ble slått sammen til 4225 Lyngdal
2020;1029;Lindesnes;4205;Lindesnes;09 Aust-Agder og 10 Vest-Agder ble slått sammen til 42 Agder;1002 Mandal, 1021 Marnardal og 1029 Lindesnes ble slått sammen til 4205 Lindesnes
2020;1032;Lyngdal;4225;Lyngdal;09 Aust-Agder og 10 Vest-Agder ble slått sammen til 42 Agder;1027 Audnedal og 1032 Lyngdal ble slått sammen til 4225 Lyngdal
2020;1034;Hægebostad;4226;Hægebostad;09 Aust-Agder og 10 Vest-Agder ble slått sammen til 42 Agder;
2020;1037;Kvinesdal;4227;Kvinesdal;09 Aust-Agder og 10 Vest-Agder ble slått sammen til 42 Agder;
2020;1046;Sirdal;4228;Sirdal;09 Aust-Agder og 10 Vest-Agder ble slått sammen til 42 Agder;
2020;1102;Sandnes;1108;Sandnes;1102 Sandnes og 1129 Forsand ble slått sammen til 1108 Sandnes;1102 Sandnes og 1129 Forsand ble slått sammen til 1108 Sandnes
2020;1129;Forsand;1108;Sandnes;1102 Sandnes og 1129 Forsand ble slått sammen til 1108 Sandnes;1102 Sandnes og 1129 Forsand ble slått sammen til 1108 Sandnes
2020;1141;Finnøy;1103;Stavanger;1141 Finnøy og 1142 Rennesøy ble innlemmet som nye bydeler i 1103 Stavanger;1141 Finnøy og 1142 Rennesøy ble innlemmet som nye bydeler i 1103 Stavanger
2020;1142;Rennesøy;1103;Stavanger;1141 Finnøy og 1142 Rennesøy ble innlemmet som nye bydeler i 1103 Stavanger;1141 Finnøy og 1142 Rennesøy ble innlemmet som nye bydeler i 1103 Stavanger
2020;1201;Bergen;4601;Bergen;12 Hordaland og 14 Sogn og Fjordane ble slått sammen til 46 Vestland;
2020;1211;Etne;4611;Etne;12 Hordaland og 14 Sogn og Fjordane ble slått sammen til 46 Vestland;
2020;1216;Sveio;4612;Sveio;12 Hordaland og 14 Sogn og Fjordane ble slått sammen til 46 Vestland;
2020;1219;Bømlo;4613;Bømlo;12 Hordaland og 14 Sogn og Fjordane ble slått sammen til 46 Vestland;
2020;1221;Stord;4614;Stord;12 Hordaland og 14 Sogn og Fjordane ble slått sammen til 46 Vestland;
2020;1222;Fitjar;4615;Fitjar;12 Hordaland og 14 Sogn og Fjordane ble slått sammen til 46 Vestland;
2020;1223;Tysnes;4616;Tysnes;12 Hordaland og 14 Sogn og Fjordane ble slått sammen til 46 Vestland;
2020;1224;Kvinnherad;4617;Kvinnherad;12 Hordaland og 14 Sogn og Fjordane ble slått sammen til 46 Vestland;
2020;1227;Jondal;4618;Ullensvang;12 Hordaland og 14 Sogn og Fjordane ble slått sammen til 46 Vestland;1227 Jondal, 1228 Odda og 1231 Ullensvang ble slått sammen til 4618 Ullensvang
2020;1228;Odda;4618;Ullensvang;12 Hordaland og 14 Sogn og Fjordane ble slått sammen til 46 Vestland;1227 Jondal, 1228 Odda og 1231 Ullensvang ble slått sammen til 4618 Ullensvang
2020;1231;Ullensvang;4618;Ullensvang;12 Hordaland og 14 Sogn og Fjordane ble slått sammen til 46 Vestland;1227 Jondal, 1228 Odda og 1231 Ullensvang ble slått sammen til 4618 Ullensvang
2020;1232;Eidfjord;4619;Eidfjord;12 Hordaland og 14 Sogn og Fjordane ble slått sammen til 46 Vestland;
2020;1233;Ulvik;4620;Ulvik;12 Hordaland og 14 Sogn og Fjordane ble slått sammen til 46 Vestland;
2020;1234;Granvin;4621;Voss;12 Hordaland og 14 Sogn og Fjordane ble slått sammen til 46 Vestland;1234 Granvin og 1235 Voss ble slått sammen til 4621 Voss
2020;1235;Voss;4621;Voss;12 Hordaland og 14 Sogn og Fjordane ble slått sammen til 46 Vestland;1234 Granvin og 1235 Voss ble slått sammen til 4621 Voss
2020;1238;Kvam;4622;Kvam;12 Hordaland og 14 Sogn og Fjordane ble slått sammen til 46 Vestland;
2020;1241;Fusa;4624;Bjørnafjorden;12 Hordaland og 14 Sogn og Fjordane ble slått sammen til 46 Vestland;1241 Fusa og 1243 Os ble slått sammen til 4624 Bjørnafjorden
2020;1242;Samnanger;4623;Samnanger;12 Hordaland og 14 Sogn og Fjordane ble slått sammen til 46 Vestland;
2020;1243;Os;4624;Bjørnafjorden;12 Hordaland og 14 Sogn og Fjordane ble slått sammen til 46 Vestland;1241 Fusa og 1243 Os ble slått sammen til 4624 Bjørnafjorden
2020;1244;Austevoll;4625;Austevoll;12 Hordaland og 14 Sogn og Fjordane ble slått sammen til 46 Vestland;
2020;1245;Sund;4626;Øygarden;12 Hordaland og 14 Sogn og Fjordane ble slått sammen til 46 Vestland;1245 Sund, 1246 Fjell og 1259 Øygarden ble slått sammen til 4626 Øygarden
2020;1246;Fjell;4626;Øygarden;12 Hordaland og 14 Sogn og Fjordane ble slått sammen til 46 Vestland;1245 Sund, 1246 Fjell og 1259 Øygarden ble slått sammen til 4626 Øygarden
2020;1247;Askøy;4627;Askøy;12 Hordaland og 14 Sogn og Fjordane ble slått sammen til 46 Vestland;
2020;1251;Vaksdal;4628;Vaksdal;12 Hordaland og 14 Sogn og Fjordane ble slått sammen til 46 Vestland;
2020;1252;Modalen;4629;Modalen;12 Hordaland og 14 Sogn og Fjordane ble slått sammen til 46 Vestland;
2020;1253;Osterøy;4630;Osterøy;12 Hordaland og 14 Sogn og Fjordane ble slått sammen til 46 Vestland;
2020;1256;Meland;4631;Alver;12 Hordaland og 14 Sogn og Fjordane ble slått sammen til 46 Vestland;1256 Meland, 1260 Radøy og 1263 Lindås ble slått sammen til 4631 Alver
2020;1259;Øygarden;4626;Øygarden;12 Hordaland og 14 Sogn og Fjordane ble slått sammen til 46 Vestland;1245 Sund, 1246 Fjell og 1259 Øygarden ble slått sammen til 4626 Øygarden
2020;1260;Radøy;4631;Alver;12 Hordaland og 14 Sogn og Fjordane ble slått sammen til 46 Vestland;1256 Meland, 1260 Radøy og 1263 Lindås ble slått sammen til 4631 Alver
2020;1263;Lindås;4631;Alver;12 Hordaland og 14 Sogn og Fjordane ble slått sammen til 46 Vestland;1256 Meland, 1260 Radøy og 1263 Lindås ble slått sammen til 4631 Alver
2020;1264;Austrheim;4632;Austrheim;12 Hordaland og 14 Sogn og Fjordane ble slått sammen til 46 Vestland;
2020;1265;Fedje;4633;Fedje;12 Hordaland og 14 Sogn og Fjordane ble slått sammen til 46 Vestland;
2020;1266;Masfjorden;4634;Masfjorden;12 Hordaland og 14 Sogn og Fjordane ble slått sammen til 46 Vestland;
2020;1401;Flora;4602;Kinn;12 Hordaland og 14 Sogn og Fjordane ble slått sammen til 46 Vestland;1401 Flora og 1439 Vågsøy ble slått sammen til 4602 Kinn
2020;1411;Gulen;4635;Gulen;12 Hordaland og 14 Sogn og Fjordane ble slått sammen til 46 Vestland;
2020;1412;Solund;4636;Solund;12 Hordaland og 14 Sogn og Fjordane ble slått sammen til 46 Vestland;
2020;1413;Hyllestad;4637;Hyllestad;12 Hordaland og 14 Sogn og Fjordane ble slått sammen til 46 Vestland;
2020;1416;Høyanger;4638;Høyanger;12 Hordaland og 14 Sogn og Fjordane ble slått sammen til 46 Vestland;
2020;1417;Vik;4639;Vik;12 Hordaland og 14 Sogn og Fjordane ble slått sammen til 46 Vestland;
2020;1418;Balestrand;4640;Sogndal;12 Hordaland og 14 Sogn og Fjordane ble slått sammen til 46 Vestland;1418 Balestrand, 1419 Leikanger og 1420 Sogndal ble slått sammen til 4640 Sogndal
2020;1419;Leikanger;4640;Sogndal;12 Hordaland og 14 Sogn og Fjordane ble slått sammen til 46 Vestland;1418 Balestrand, 1419 Leikanger og 1420 Sogndal ble slått sammen til 4640 Sogndal
2020;1420;Sogndal;4640;Sogndal;12 Hordaland og 14 Sogn og Fjordane ble slått sammen til 46 Vestland;1418 Balestrand, 1419 Leikanger og 1420 Sogndal ble slått sammen til 4640 Sogndal
2020;1421;Aurland;4641;Aurland;12 Hordaland og 14 Sogn og Fjordane ble slått sammen til 46 Vestland;
2020;1422;Lærdal;4642;Lærdal;12 Hordaland og 14 Sogn og Fjordane ble slått sammen til 46 Vestland;
2020;1424;Årdal;4643;Årdal;12 Hordaland og 14 Sogn og Fjordane ble slått sammen til 46 Vestland;
2020;1426;Luster;4644;Luster;12 Hordaland og 14 Sogn og Fjordane ble slått sammen til 46 Vestland;
2020;1428;Askvoll;4645;Askvoll;12 Hordaland og 14 Sogn og Fjordane ble slått sammen til 46 Vestland;
2020;1429;Fjaler;4646;Fjaler;12 Hordaland og 14 Sogn og Fjordane ble slått sammen til 46 Vestland;
2020;1430;Gaular;4647;Sunnfjord;12 Hordaland og 14 Sogn og Fjordane ble slått sammen til 46 Vestland;1430 Gaular, 1431 Jølster, 1432 Førde og 1433 Naustdal ble slått sammen til 4647 Sunnfjord
2020;1431;Jølster;4647;Sunnfjord;12 Hordaland og 14 Sogn og Fjordane ble slått sammen til 46 Vestland;1430 Gaular, 1431 Jølster, 1432 Førde og 1433 Naustdal ble slått sammen til 4647 Sunnfjord
2020;1432;Førde;4647;Sunnfjord;12 Hordaland og 14 Sogn og Fjordane ble slått sammen til 46 Vestland;1430 Gaular, 1431 Jølster, 1432 Førde og 1433 Naustdal ble slått sammen til 4647 Sunnfjord
2020;1433;Naustdal;4647;Sunnfjord;12 Hordaland og 14 Sogn og Fjordane ble slått sammen til 46 Vestland;1430 Gaular, 1431 Jølster, 1432 Førde og 1433 Naustdal ble slått sammen til 4647 Sunnfjord
2020;1438;Bremanger;4648;Bremanger;12 Hordaland og 14 Sogn og Fjordane ble slått sammen til 46 Vestland;
2020;1439;Vågsøy;4602;Kinn;12 Hordaland og 14 Sogn og Fjordane ble slått sammen til 46 Vestland;1401 Flora og 1439 Vågsøy ble slått sammen til 4602 Kinn
2020;1441;Selje;4649;Stad;12 Hordaland og 14 Sogn og Fjordane ble slått sammen til 46 Vestland;1441 Selje og 1443 Eid ble slått sammen til 4649 Stad
2020;1443;Eid;4649;Stad;12 Hordaland og 14 Sogn og Fjordane ble slått sammen til 46 Vestland;1441 Selje og 1443 Eid ble slått sammen til 4649 Stad
2020;1445;Gloppen;4650;Gloppen;12 Hordaland og 14 Sogn og Fjordane ble slått sammen til 46 Vestland;
2020;1449;Stryn;4651;Stryn;12 Hordaland og 14 Sogn og Fjordane ble slått sammen til 46 Vestland;
2020;1444;Hornindal;1577;Volda;1444 Hornindal og 1519 Volda ble slått sammen til 1577 Volda;
2020;1502;Molde;1506;Molde;1502 Molde, 1543 Nesset og 1545 Midsund ble slått sammen til 1506 Molde;
2020;1504;Ålesund;1507;Ålesund;1504 Ålesund, 1523 Ørskog, 1529 Skodje, 1534 Haram og 1546 Sandøy ble slått sammen til 1507 Ålesund;
2020;1519;Volda;1577;Volda;1444 Hornindal og 1519 Volda ble slått sammen til 1577 Volda;
2020;1523;Ørskog;1507;Ålesund;1504 Ålesund, 1523 Ørskog, 1529 Skodje, 1534 Haram og 1546 Sandøy ble slått sammen til 1507 Ålesund;
2020;1524;Norddal;1578;Fjord;1524 Norddal og 1526 Stordal ble slått sammen til 1578 Fjord;
2020;1526;Stordal;1578;Fjord;1524 Norddal og 1526 Stordal ble slått sammen til 1578 Fjord;
2020;1529;Skodje;1507;Ålesund;1504 Ålesund, 1523 Ørskog, 1529 Skodje, 1534 Haram og 1546 Sandøy ble slått sammen til 1507 Ålesund;
2020;1534;Haram;1507;Ålesund;1504 Ålesund, 1523 Ørskog, 1529 Skodje, 1534 Haram og 1546 Sandøy ble slått sammen til 1507 Ålesund;
2020;1543;Nesset;1506;Molde;1502 Molde, 1543 Nesset og 1545 Midsund ble slått sammen til 1506 Molde;
2020;1545;Midsund;1506;Molde;1502 Molde, 1543 Nesset og 1545 Midsund ble slått sammen til 1506 Molde;
2020;1546;Sandøy;1507;Ålesund;1504 Ålesund, 1523 Ørskog, 1529 Skodje, 1534 Haram og 1546 Sandøy ble slått sammen til 1507 Ålesund;
2020;1548;Fræna;1579;Hustadvika;1548 Fræna og 1551 Eide ble slått sammen til 1579 Hustadvika;
2020;1551;Eide;1579;Hustadvika;1548 Fræna og 1551 Eide ble slått sammen til 1579 Hustadvika;
2020;1571;Halsa;5055;Heim;15 Møre og Romsdal avga 1571 Halsa til 50 Trøndelag ny kommune 5055 Heim;1571 Halsa, 5011 Hemne og del av 5012 Snillfjord ble slått sammen til 5055 Heim
2020;5004;Steinkjer;5006;Steinkjer;5004 Steinkjer og 5039 Verran ble slått sammen til 5006 Steinkjer;
2020;5005;Namsos;5007;Namsos;5005 Namsos, 5040 Namdalseid og 5048 Fosnes ble slått sammen til 5007 Namsos;
2020;5011;Hemne;5055;Heim;1571 Halsa, 5011 Hemne og del av 5012 Snillfjord ble slått sammen til 5055 Heim;
2020;5013;Hitra;5056;Hitra;5013 Hitra og del av 5012 Snillfjord ble slått sammen 5056 Hitra;
2020;5015;Ørland;5057;Ørland;5015 Ørland og 5017 Bjugn ble slått sammen til 5057 Ørland;
2020;5016;Agdenes;5059;Orkland;5016 Agdenes, 5023 Meldal, 5024 Orkdal og del av 5012 Snillfjord ble slått sammen til 5059 Orkland;
2020;5017;Bjugn;5057;Ørland;5015 Ørland og 5017 Bjugn ble slått sammen til 5057 Ørland;
2020;5018;Åfjord;5058;Åfjord;5018 Åfjord og 5019 Roan ble slått sammen til 5058 Åfjord;
2020;5019;Roan;5058;Åfjord;5018 Åfjord og 5019 Roan ble slått sammen til 5058 Åfjord;
2020;5023;Meldal;5059;Orkland;5016 Agdenes, 5023 Meldal, 5024 Orkdal og del av 5012 Snillfjord ble slått sammen til 5059 Orkland;
2020;5024;Orkdal;5059;Orkland;5016 Agdenes, 5023 Meldal, 5024 Orkdal og del av 5012 Snillfjord ble slått sammen til 5059 Orkland;
2020;5030;Klæbu;5001;Trondheim;5030 Klæbu innlemmes i 5001 Trondheim, som utvidelse av bydelen Heimdal;
2020;5039;Verran;5006;Steinkjer;5004 Steinkjer og 5039 Verran ble slått sammen til 5006 Steinkjer;
2020;5040;Namdalseid;5007;Namsos;5005 Namsos, 5040 Namdalseid og 5048 Fosnes ble slått sammen til 5007 Namsos;
2020;5048;Fosnes;5007;Namsos;5005 Namsos, 5040 Namdalseid og 5048 Fosnes ble slått sammen til 5007 Namsos;
2020;5050;Vikna;5060;Nærøysund;5050 Vikna og 5051 Nærøy ble slått sammen til 5060 Nærøysund;
2020;5051;Nærøy;5060;Nærøysund;5050 Vikna og 5051 Nærøy ble slått sammen til 5060 Nærøysund;
2020;1805;Narvik;1806;Narvik;1805 Narvik, 1854 Ballangen og en del av 1850 Tysfjord ble slått sammen til 1806 Narvik;
2020;1849;Hamarøy;1875;Hamarøy;1849 Hamarøy og resten av 1850 Tysfjord ble slått sammen til 1875 Hamarøy;
2020;1854;Ballangen;1806;Narvik;1805 Narvik, 1854 Ballangen og en del av 1850 Tysfjord ble slått sammen til 1806 Narvik;
2020;1852;Tjeldsund;5412;Tjeldsund;18 Nordland avga kommune 1852 Tjeldsund til 54 Troms og Finnmark, som del av ny kommune 5412 Tjeldsund;1852 Tjeldsund og 1913 Skånland ble slått sammen til 5412 Tjeldsund
2020;1902;Tromsø;5401;Tromsø;19 Troms og 20 Finnmark ble slått sammen til 54 Troms og Finnmark.;
2020;1903;Harstad;5402;Harstad;19 Troms og 20 Finnmark ble slått sammen til 54 Troms og Finnmark.;
2020;1911;Kvæfjord;5411;Kvæfjord;19 Troms og 20 Finnmark ble slått sammen til 54 Troms og Finnmark.;
2020;1913;Skånland;5412;Tjeldsund;19 Troms og 20 Finnmark ble slått sammen til 54 Troms og Finnmark.;1852 Tjeldsund og 1913 Skånland ble slått sammen til 5412 Tjeldsund
2020;1917;Ibestad;5413;Ibestad;19 Troms og 20 Finnmark ble slått sammen til 54 Troms og Finnmark.;
2020;1919;Gratangen;5414;Gratangen;19 Troms og 20 Finnmark ble slått sammen til 54 Troms og Finnmark.;
2020;1920;Lavangen;5415;Lavangen;19 Troms og 20 Finnmark ble slått sammen til 54 Troms og Finnmark.;
2020;1922;Bardu;5416;Bardu;19 Troms og 20 Finnmark ble slått sammen til 54 Troms og Finnmark.;
2020;1923;Salangen;5417;Salangen;19 Troms og 20 Finnmark ble slått sammen til 54 Troms og Finnmark.;
2020;1924;Målselv;5418;Målselv;19 Troms og 20 Finnmark ble slått sammen til 54 Troms og Finnmark.;
2020;1925;Sørreisa;5419;Sørreisa;19 Troms og 20 Finnmark ble slått sammen til 54 Troms og Finnmark.;
2020;1926;Dyrøy;5420;Dyrøy;19 Troms og 20 Finnmark ble slått sammen til 54 Troms og Finnmark.;
2020;1927;Tranøy;5421;Senja;19 Troms og 20 Finnmark ble slått sammen til 54 Troms og Finnmark.;1927 Tranøy, 1928 Torsken, 1929 Berg og 1931 Lenvik ble slått sammen til 5421 Senja
2020;1928;Torsken;5421;Senja;19 Troms og 20 Finnmark ble slått sammen til 54 Troms og Finnmark.;1927 Tranøy, 1928 Torsken, 1929 Berg og 1931 Lenvik ble slått sammen til 5421 Senja
2020;1929;Berg;5421;Senja;19 Troms og 20 Finnmark ble slått sammen til 54 Troms og Finnmark.;1927 Tranøy, 1928 Torsken, 1929 Berg og 1931 Lenvik ble slått sammen til 5421 Senja
2020;1931;Lenvik;5421;Senja;19 Troms og 20 Finnmark ble slått sammen til 54 Troms og Finnmark.;1927 Tranøy, 1928 Torsken, 1929 Berg og 1931 Lenvik ble slått sammen til 5421 Senja
2020;1933;Balsfjord;5422;Balsfjord;19 Troms og 20 Finnmark ble slått sammen til 54 Troms og Finnmark.;
2020;1936;Karlsøy;5423;Karlsøy;19 Troms og 20 Finnmark ble slått sammen til 54 Troms og Finnmark.;
2020;1938;Lyngen;5424;Lyngen;19 Troms og 20 Finnmark ble slått sammen til 54 Troms og Finnmark.;
2020;1939;Storfjord;5425;Storfjord;19 Troms og 20 Finnmark ble slått sammen til 54 Troms og Finnmark.;
2020;1940;Kåfjord;5426;Kåfjord;19 Troms og 20 Finnmark ble slått sammen til 54 Troms og Finnmark.;
2020;1941;Skjervøy;5427;Skjervøy;19 Troms og 20 Finnmark ble slått sammen til 54 Troms og Finnmark.;
2020;1942;Nordreisa;5428;Nordreisa;19 Troms og 20 Finnmark ble slått sammen til 54 Troms og Finnmark.;
2020;1943;Kvænangen;5429;Kvænangen;19 Troms og 20 Finnmark ble slått sammen til 54 Troms og Finnmark.;
2020;2002;Vardø;5404;Vardø;19 Troms og 20 Finnmark ble slått sammen til 54 Troms og Finnmark.;
2020;2003;Vadsø;5405;Vadsø;19 Troms og 20 Finnmark ble slått sammen til 54 Troms og Finnmark.;
2020;2004;Hammerfest;5406;Hammerfest;19 Troms og 20 Finnmark ble slått sammen til 54 Troms og Finnmark.;2004 Hammerfest og 2017 Kvalsund ble slått sammen til 5406 Hammerfest
2020;2011;Kautokeino;5430;Kautokeino;19 Troms og 20 Finnmark ble slått sammen til 54 Troms og Finnmark.;
2020;2012;Alta;5403;Alta;19 Troms og 20 Finnmark ble slått sammen til 54 Troms og Finnmark.;
2020;2014;Loppa;5432;Loppa;19 Troms og 20 Finnmark ble slått sammen til 54 Troms og Finnmark.;
2020;2015;Hasvik;5433;Hasvik;19 Troms og 20 Finnmark ble slått sammen til 54 Troms og Finnmark.;
2020;2017;Kvalsund;5406;Hammerfest;19 Troms og 20 Finnmark ble slått sammen til 54 Troms og Finnmark.;2004 Hammerfest og 2017 Kvalsund ble slått sammen til 5406 Hammerfest
2020;2018;Måsøy;5434;Måsøy;19 Troms og 20 Finnmark ble slått sammen til 54 Troms og Finnmark.;
2020;2019;Nordkapp;5435;Nordkapp;19 Troms og 20 Finnmark ble slått sammen til 54 Troms og Finnmark.;
2020;2020;Porsanger;5436;Porsanger;19 Troms og 20 Finnmark ble slått sammen til 54 Troms og Finnmark.;
2020;2021;Karasjok;5437;Karasjok;19 Troms og 20 Finnmark ble slått sammen til 54 Troms og Finnmark.;
2020;2022;Lebesby;5438;Lebesby;19 Troms og 20 Finnmark ble slått sammen til 54 Troms og Finnmark.;
2020;2023;Gamvik;5439;Gamvik;19 Troms og 20 Finnmark ble slått sammen til 54 Troms og Finnmark.;
2020;2024;Berlevåg;5440;Berlevåg;19 Troms og 20 Finnmark ble slått sammen til 54 Troms og Finnmark.;
2020;2025;Tana;5441;Tana;19 Troms og 20 Finnmark ble slått sammen til 54 Troms og Finnmark.;
2020;2027;Nesseby;5442;Nesseby;19 Troms og 20 Finnmark ble slått sammen til 54 Troms og Finnmark.;
2020;2028;Båtsfjord;5443;Båtsfjord;19 Troms og 20 Finnmark ble slått sammen til 54 Troms og Finnmark.;
2020;2030;Sør-Varanger;5444;Sør-Varanger;19 Troms og 20 Finnmark ble slått sammen til 54 Troms og Finnmark.;
2020;2111;Spitsbergen;2100;Svalbard;Kontrollert 17.des 2020 mot SSB;
2020;2121;Bjørnøya;2100;Svalbard;Kontrollert 17.des 2020 mot SSB;
2020;2131;Hopen;2100;Svalbard;Kontrollert 17.des 2020 mot SSB;
